h,wind speed
0,1.07
1,1.34
2,1.64
3,1.9
4,2.03
5,2.08
6,2.06
7,2.06
8,2.3
9,2.22
10,2.2
11,2.12
12,1.94
13,1.8
14,1.66
15,1.33
16,1.57
17,1.17
18,0.47
19,0.66
20,1.09
21,1.37
22,1.59
23,1.8
24,1.99
25,2.13
26,2.19
27,2.2
28,2.21
29,2.26
30,2.29
31,2.33
32,2.79
33,2.9
34,2.95
35,2.95
36,2.88
37,2.72
38,2.29
39,1.04
40,0.66
41,0.93
42,1.75
43,2.39
44,2.76
45,2.99
46,3.14
47,3.29
48,3.42
49,3.52
50,3.58
51,3.61
52,3.65
53,3.72
54,3.77
55,4.05
56,5.4
57,6.92
58,8.11
59,8.66
60,8.71
61,8.29
62,7.6
63,5.35
64,3.92
65,4.45
66,5.59
67,6.43
68,6.88
69,6.97
70,7
71,7.18
72,7.51
73,7.81
74,8.05
75,8.01
76,7.84
77,7.7
78,7.55
79,7.48
80,7.8
81,8.92
82,10.68
83,11.46
84,11.35
85,9.69
86,9.34
87,8.67
88,6.89
89,6.65
90,7.18
91,8.45
92,9.4
93,10.1
94,10.71
95,11.18
96,11.12
97,10.8
98,10.49
99,10.37
100,10.49
101,10.66
102,10.69
103,10.81
104,11.44
105,12.86
106,13.9
107,14.41
108,14.37
109,13.95
110,13.62
111,13.28
112,12.75
113,13.1
114,13.93
115,14.75
116,15.04
117,14.69
118,14.08
119,13.08
120,12.14
121,11.57
122,11.2
123,11.04
124,11.23
125,11.3
126,10.99
127,10.54
128,10.39
129,10.58
130,11.28
131,11.73
132,12.25
133,12.47
134,12.22
135,11.42
136,10.47
137,10.4
138,10.93
139,11.92
140,12.8
141,13.57
142,13.86
143,13.1
144,12.03
145,10.97
146,10.84
147,11.08
148,10.96
149,9.99
150,7.91
151,6.26
152,7.57
153,10.3
154,11.92
155,12.3
156,11.86
157,10.86
158,9.66
159,7.9
160,5.33
161,5.19
162,6
163,6.81
164,7.36
165,7.61
166,8.03
167,8.61
168,9.36
169,9.9
170,10.36
171,10.66
172,10.76
173,10.7
174,10.28
175,9.97
176,9.99
177,10.48
178,10.72
179,10.47
180,10.56
181,10.45
182,9.81
183,8.1
184,5.27
185,4.81
186,4.61
187,4.41
188,4.28
189,4.12
190,4.04
191,4.02
192,3.96
193,4
194,4.08
195,4.12
196,4.12
197,4.09
198,4.03
199,4
200,5.03
201,4.87
202,4.67
203,4.52
204,4.52
205,4.55
206,4.33
207,2.62
208,2.53
209,2.54
210,2.78
211,3.32
212,3.92
213,4.48
214,4.94
215,5.04
216,4.94
217,4.76
218,4.58
219,4.31
220,4.01
221,3.8
222,3.65
223,3.65
224,4.58
225,4.89
226,5.33
227,5.54
228,5.54
229,5.36
230,4.82
231,3.16
232,1.95
233,1.56
234,1.32
235,1.47
236,1.55
237,1.34
238,0.97
239,0.62
240,0.35
241,0.47
242,0.66
243,0.67
244,0.57
245,0.37
246,0.3
247,0.46
248,0.73
249,0.94
250,1.43
251,1.8
252,2.03
253,2.08
254,1.98
255,1.33
256,1.02
257,0.27
258,1.33
259,2
260,2.32
261,2.55
262,2.76
263,2.98
264,3.2
265,3.35
266,3.43
267,3.47
268,3.51
269,3.56
270,3.61
271,3.57
272,4.16
273,4.49
274,4.48
275,4.33
276,4.03
277,3.7
278,3.23
279,1.89
280,1.93
281,2.39
282,2.85
283,3.19
284,3.53
285,3.81
286,4.03
287,4.19
288,4.28
289,4.34
290,4.37
291,4.37
292,4.31
293,4.26
294,4.19
295,4.11
296,5.21
297,5.79
298,6.45
299,6.2
300,6
301,5.88
302,5.5
303,3.45
304,3.43
305,3.5
306,3.55
307,3.64
308,3.64
309,3.54
310,3.36
311,3.24
312,3.14
313,2.99
314,2.8
315,2.54
316,2.22
317,1.92
318,1.83
319,1.78
320,1.67
321,0.27
322,1.03
323,1.3
324,1.61
325,1.79
326,1.83
327,1.54
328,1.35
329,0.85
330,1.16
331,1.66
332,2.08
333,2.36
334,2.5
335,2.5
336,2.51
337,2.61
338,2.87
339,3.13
340,3.31
341,3.44
342,3.49
343,3.39
344,3.99
345,4.21
346,4.37
347,4.43
348,4.33
349,4.07
350,3.56
351,1.92
352,1.77
353,2.42
354,3.11
355,3.41
356,3.65
357,4
358,4.31
359,4.57
360,4.77
361,4.87
362,5.05
363,5.35
364,5.71
365,5.94
366,6.09
367,6.56
368,7.23
369,7.3
370,8.61
371,9.27
372,9.45
373,9.3
374,8.5
375,6.61
376,3.97
377,3.56
378,3.37
379,3.19
380,3.04
381,2.96
382,2.94
383,2.99
384,3.25
385,3.66
386,4.26
387,4.68
388,4.89
389,5.19
390,5.23
391,5.7
392,6.41
393,6.45
394,6.83
395,6.97
396,7.12
397,7.39
398,7.45
399,5.87
400,4.5
401,5.07
402,5.98
403,6.68
404,6.8
405,6.87
406,6.97
407,6.94
408,6.94
409,6.63
410,6.33
411,6.21
412,6.22
413,6.28
414,6.29
415,6.81
416,7.53
417,7.96
418,8.81
419,9.47
420,10.12
421,10.55
422,10.21
423,9.02
424,7.84
425,8.41
426,9.17
427,10.02
428,10.42
429,10.07
430,8.91
431,7.11
432,4.98
433,3.39
434,2.96
435,3.03
436,3.32
437,3.44
438,3.15
439,2.42
440,2.7
441,4.18
442,4.95
443,5.11
444,5.14
445,4.7
446,4.02
447,2.84
448,1.88
449,2.07
450,2.55
451,2.9
452,3.11
453,3.22
454,3.3
455,3.36
456,3.39
457,3.4
458,3.55
459,3.75
460,3.95
461,4.13
462,4.32
463,4.96
464,6.31
465,6.37
466,7.12
467,7.25
468,7.15
469,6.99
470,6.6
471,4.66
472,4.24
473,5.45
474,6.49
475,6.67
476,6.74
477,6.86
478,7.02
479,7.12
480,7.18
481,7.24
482,7.33
483,7.57
484,8.05
485,8.25
486,8.19
487,8.4
488,8.92
489,8.99
490,9.53
491,10.4
492,10.23
493,9.47
494,8.25
495,6.36
496,5.06
497,5.05
498,6.06
499,7.27
500,7.97
501,8.41
502,8.94
503,9.35
504,9.41
505,9.24
506,9.07
507,8.9
508,8.75
509,8.53
510,8.19
511,8.19
512,8.51
513,8.94
514,9.42
515,9.3
516,9.26
517,9.1
518,8.36
519,5.96
520,4.71
521,4.9
522,5.69
523,7.15
524,8.08
525,7.96
526,7.8
527,7.73
528,7.65
529,7.47
530,6.5
531,5.61
532,5.29
533,5.46
534,5.53
535,5.57
536,5.99
537,6.13
538,6.25
539,6.57
540,7.14
541,7.23
542,6.6
543,4.68
544,2.13
545,2.31
546,3.63
547,4.26
548,4.28
549,4.37
550,4.23
551,4.07
552,3.86
553,3.54
554,2.93
555,2.34
556,1.91
557,1.57
558,1.48
559,1.74
560,2.25
561,2.2
562,2.04
563,1.89
564,1.39
565,0.89
566,0.52
567,0.31
568,0.42
569,0.24
570,0.25
571,0.86
572,1.41
573,1.84
574,2.24
575,2.6
576,3.51
577,4.62
578,4.95
579,5.04
580,5.55
581,5.91
582,6.06
583,6.07
584,7.19
585,9.14
586,9.39
587,9.12
588,9.13
589,9.48
590,9.53
591,8.64
592,6.88
593,7.05
594,7.99
595,9.27
596,10.11
597,10.49
598,10.8
599,11.21
600,11.55
601,12.02
602,12.28
603,12.53
604,12.86
605,12.23
606,11.15
607,10.15
608,9.35
609,8.72
610,8.1
611,6.82
612,5.02
613,3.31
614,2.02
615,1.13
616,1.5
617,2.27
618,2.32
619,1.63
620,1.35
621,1.04
622,0.95
623,0.46
624,0.52
625,0.71
626,1.11
627,1.53
628,2.05
629,1.99
630,1.93
631,2.09
632,2.57
633,2.28
634,2.39
635,2.89
636,3.11
637,2.76
638,1.95
639,0.62
640,0.27
641,1.04
642,1.44
643,1.66
644,1.86
645,2.15
646,2.24
647,2.37
648,2.7
649,3.05
650,3.33
651,3.44
652,3.6
653,3.69
654,3.66
655,3.7
656,4.29
657,5.22
658,6.08
659,6.64
660,7.04
661,7.14
662,6.73
663,5.35
664,4.14
665,3.91
666,3.87
667,4.01
668,4.25
669,4.51
670,4.78
671,5
672,5.24
673,5.38
674,5.5
675,5.55
676,5.51
677,5.39
678,5.26
679,5.39
680,5.5
681,5.79
682,6.51
683,6.92
684,7.1
685,7.17
686,6.8
687,5.31
688,4.22
689,4.38
690,4.74
691,5.26
692,6.03
693,6.65
694,7.34
695,7.96
696,8.4
697,8.56
698,8.49
699,8.08
700,7.56
701,6.84
702,5.96
703,5.47
704,5.08
705,4.56
706,3.81
707,3.02
708,2.26
709,1.51
710,1.08
711,0.77
712,0.56
713,0.59
714,1.68
715,2.27
716,2.43
717,2.42
718,2.32
719,2.18
720,2.02
721,1.77
722,1.49
723,1.23
724,0.96
725,0.72
726,0.59
727,0.48
728,0.75
729,1.25
730,1.54
731,1.96
732,2.24
733,2.33
734,2.29
735,1.98
736,1.51
737,0.94
738,1.53
739,2.23
740,2.48
741,2.46
742,2.44
743,2.47
744,2.61
745,2.81
746,3.06
747,3.29
748,3.47
749,3.6
750,3.62
751,3.71
752,4.32
753,4.1
754,4.37
755,4.36
756,4.24
757,4.03
758,3.66
759,2.06
760,1.79
761,2.23
762,3.15
763,3.71
764,4.12
765,4.58
766,4.98
767,5.18
768,5.21
769,5.17
770,5.22
771,5.29
772,5.25
773,5.24
774,5.15
775,5.69
776,6.54
777,6.81
778,6.98
779,6.69
780,6.52
781,6.55
782,6.39
783,4.85
784,3.55
785,3.66
786,3.9
787,4.43
788,4.72
789,4.8
790,4.88
791,5.02
792,5.23
793,5.65
794,6.04
795,6.33
796,6.4
797,6.42
798,6.38
799,6.76
800,7.22
801,7.46
802,7.71
803,7.65
804,7.35
805,6.76
806,6.06
807,4.31
808,3.02
809,3.28
810,3.47
811,3.68
812,3.98
813,4.22
814,4.33
815,4.34
816,4.4
817,4.47
818,4.45
819,4.26
820,3.96
821,3.66
822,3.46
823,3.33
824,3.43
825,3.39
826,3.47
827,3.42
828,3.29
829,2.88
830,2.2
831,1.48
832,1.61
833,2.04
834,2.47
835,2.53
836,2.74
837,2.8
838,2.82
839,2.95
840,3.27
841,3.39
842,3.35
843,3.26
844,3.22
845,3.4
846,3.55
847,3.72
848,4.02
849,3.94
850,3.63
851,3.24
852,2.8
853,2.6
854,3.02
855,3.73
856,3.81
857,3.95
858,4.57
859,4.77
860,5.17
861,5.06
862,4.56
863,4.61
864,4.85
865,5.09
866,5.23
867,4.75
868,4
869,4.39
870,5.28
871,5.65
872,6.35
873,6.85
874,7.09
875,6.81
876,6.32
877,5.86
878,5.69
879,5.41
880,4.49
881,3.96
882,3.64
883,3.03
884,2.52
885,2.31
886,2.48
887,2.5
888,2.54
889,2.8
890,3.14
891,3.4
892,3.4
893,3.3
894,3.13
895,3.01
896,2.92
897,3.62
898,3.87
899,4
900,4.07
901,4.04
902,3.83
903,2.8
904,1.77
905,1.95
906,2.67
907,3.2
908,3.63
909,4.09
910,4.38
911,4.6
912,4.8
913,4.94
914,5.09
915,5.21
916,5.25
917,5.23
918,5.24
919,5.5
920,5.69
921,5.96
922,5.41
923,5.05
924,4.51
925,4.21
926,3.92
927,2.71
928,1.84
929,1.86
930,2.29
931,2.55
932,2.66
933,2.82
934,2.98
935,3.14
936,3.32
937,3.4
938,3.52
939,3.7
940,3.89
941,4.02
942,3.92
943,4.18
944,5.01
945,6.42
946,6.39
947,5.98
948,5.8
949,5.6
950,4.78
951,2.96
952,1.83
953,2.05
954,2.64
955,3.32
956,3.5
957,3.64
958,3.99
959,4.31
960,4.5
961,4.6
962,4.28
963,3.77
964,2.81
965,2.23
966,2.08
967,2.24
968,2.37
969,3.04
970,3.08
971,2.98
972,3.01
973,3.09
974,2.96
975,2.35
976,1.62
977,1.54
978,2.12
979,2.45
980,2.54
981,2.48
982,2.43
983,2.35
984,2.32
985,2.41
986,2.52
987,2.55
988,2.47
989,2.35
990,2.28
991,2.38
992,1.79
993,1.37
994,1.46
995,1.76
996,1.77
997,1.62
998,1.65
999,1.77
1000,1.67
1001,1.94
1002,2.07
1003,2.05
1004,2.05
1005,1.97
1006,1.89
1007,1.73
1008,1.44
1009,1.18
1010,1.15
1011,1.29
1012,1.53
1013,1.89
1014,2.24
1015,2.65
1016,3.22
1017,3.8
1018,3.73
1019,3.44
1020,2.87
1021,2.04
1022,1.11
1023,0.42
1024,0.72
1025,1.14
1026,1.22
1027,0.91
1028,0.51
1029,0.26
1030,0.21
1031,0.37
1032,0.53
1033,0.56
1034,0.41
1035,0.29
1036,0.29
1037,0.35
1038,0.52
1039,0.79
1040,0.78
1041,0.51
1042,0.46
1043,0.78
1044,1.09
1045,1.46
1046,1.92
1047,2.49
1048,2.53
1049,2.31
1050,2.11
1051,1.8
1052,1.51
1053,1.46
1054,1.48
1055,1.45
1056,1.33
1057,1.21
1058,1.24
1059,1.26
1060,1.33
1061,1.43
1062,1.6
1063,1.93
1064,2.14
1065,2.34
1066,1.97
1067,1.64
1068,1.72
1069,2.21
1070,2.79
1071,3.06
1072,2.93
1073,2.65
1074,2.55
1075,2.44
1076,2.21
1077,1.95
1078,1.67
1079,1.45
1080,1.28
1081,1.06
1082,1.05
1083,1.06
1084,1.06
1085,1
1086,0.97
1087,1.02
1088,1.34
1089,1.84
1090,1.97
1091,2.12
1092,2.29
1093,2.54
1094,2.71
1095,2.5
1096,1.75
1097,0.88
1098,0.41
1099,1.54
1100,2.2
1101,2.52
1102,2.76
1103,3.02
1104,3.31
1105,3.73
1106,4.32
1107,4.84
1108,5.21
1109,5.44
1110,5.54
1111,5.94
1112,6.32
1113,6.93
1114,6.8
1115,6.67
1116,6.67
1117,6.69
1118,6.55
1119,5.75
1120,3.81
1121,3.17
1122,3.17
1123,3.3
1124,3.45
1125,3.5
1126,3.58
1127,3.74
1128,4.08
1129,4.37
1130,4.75
1131,5.13
1132,5.36
1133,5.74
1134,6.24
1135,7.1
1136,7.82
1137,8.74
1138,9.09
1139,9.07
1140,8.91
1141,8.57
1142,8.02
1143,7.11
1144,5.36
1145,5.09
1146,5.57
1147,6.11
1148,6.63
1149,6.65
1150,6.49
1151,6.45
1152,6.49
1153,6.55
1154,6.64
1155,6.75
1156,6.83
1157,7.02
1158,7.04
1159,7.87
1160,8.66
1161,9.9
1162,10.11
1163,9.98
1164,9.89
1165,9.82
1166,9.57
1167,8.86
1168,7.62
1169,7.43
1170,8.26
1171,8.92
1172,9.47
1173,9.78
1174,9.96
1175,10.3
1176,10.93
1177,11.45
1178,11.7
1179,12.07
1180,12.17
1181,12.6
1182,12.98
1183,13.54
1184,14.19
1185,14.8
1186,14.49
1187,14.19
1188,13.91
1189,13.4
1190,12.62
1191,11.46
1192,9.38
1193,8.55
1194,9.22
1195,9.47
1196,9.46
1197,9.32
1198,9.25
1199,9
1200,9.1
1201,9.21
1202,9.35
1203,9.3
1204,9.05
1205,8.67
1206,8.13
1207,8.18
1208,8.32
1209,8.95
1210,8.73
1211,8.45
1212,8.26
1213,8.02
1214,7.45
1215,6.09
1216,3.79
1217,4
1218,4.14
1219,4.57
1220,5.35
1221,6.36
1222,7.15
1223,7.72
1224,7.88
1225,7.76
1226,7.56
1227,7.41
1228,7.08
1229,6.92
1230,6.74
1231,7.34
1232,7.45
1233,7.63
1234,7.59
1235,7.55
1236,7.67
1237,7.82
1238,7.81
1239,7.29
1240,5.02
1241,4.41
1242,4.35
1243,4.33
1244,4.42
1245,4.53
1246,4.58
1247,4.64
1248,4.81
1249,5.04
1250,5.51
1251,5.78
1252,5.74
1253,5.62
1254,5.55
1255,6.36
1256,6.8
1257,7.52
1258,7.91
1259,7.89
1260,7.74
1261,7.42
1262,6.99
1263,5.91
1264,3.59
1265,3.46
1266,3.41
1267,3.44
1268,3.54
1269,3.59
1270,3.62
1271,3.61
1272,3.73
1273,3.85
1274,3.95
1275,4.04
1276,4.1
1277,4.12
1278,4
1279,4.57
1280,5.06
1281,4.92
1282,4.59
1283,4.54
1284,4.32
1285,3.91
1286,3.47
1287,2.98
1288,2.2
1289,2.28
1290,2.5
1291,2.82
1292,3.15
1293,3.4
1294,3.61
1295,3.85
1296,3.99
1297,4.08
1298,4.08
1299,4
1300,3.88
1301,3.76
1302,3.65
1303,3.59
1304,4.64
1305,5.1
1306,5.57
1307,5.99
1308,6.36
1309,6.55
1310,6.47
1311,5.67
1312,3.42
1313,3.33
1314,3.39
1315,3.54
1316,3.73
1317,3.9
1318,4.01
1319,4.06
1320,4.16
1321,4.23
1322,4.24
1323,4.2
1324,4.11
1325,4.03
1326,3.9
1327,3.6
1328,4.59
1329,4.59
1330,4.28
1331,4.15
1332,4.25
1333,4.42
1334,4.42
1335,3.54
1336,2.38
1337,2.35
1338,2.57
1339,2.95
1340,3.39
1341,3.8
1342,4.14
1343,4.36
1344,4.55
1345,4.7
1346,4.83
1347,4.95
1348,5.02
1349,5.12
1350,5.11
1351,5.72
1352,6.65
1353,6.98
1354,7.54
1355,7.32
1356,7.11
1357,6.92
1358,6.67
1359,5.24
1360,3.4
1361,3.35
1362,3.51
1363,3.8
1364,4.21
1365,4.8
1366,5.4
1367,5.78
1368,5.96
1369,5.95
1370,5.88
1371,5.76
1372,5.7
1373,5.79
1374,5.94
1375,6.68
1376,6.96
1377,7.79
1378,8.66
1379,8.44
1380,8.04
1381,8.08
1382,6.58
1383,3.61
1384,2.44
1385,2.38
1386,2.91
1387,3.15
1388,3.19
1389,3.29
1390,3.24
1391,3.33
1392,3.28
1393,3.55
1394,4.04
1395,4.59
1396,4.77
1397,4.56
1398,4.19
1399,5.01
1400,5.78
1401,6.53
1402,5.77
1403,6.01
1404,6.42
1405,5.57
1406,4.96
1407,3.69
1408,2.76
1409,2.27
1410,1.73
1411,1.09
1412,1.81
1413,1
1414,1
1415,0.6
1416,0.27
1417,0.51
1418,1.1
1419,0.9
1420,1.32
1421,1.68
1422,1.61
1423,1.9
1424,2.7
1425,3.14
1426,3.05
1427,2.98
1428,2.81
1429,2.49
1430,2.44
1431,2.87
1432,3.38
1433,3.48
1434,2.94
1435,2.24
1436,1.61
1437,1.53
1438,1.65
1439,1.6
1440,0.53
1441,1.06
1442,1.09
1443,0.77
1444,0.23
1445,0.89
1446,1.59
1447,2.08
1448,2.03
1449,1.77
1450,1.56
1451,1.68
1452,2.3
1453,2.74
1454,2.88
1455,2.95
1456,2.76
1457,2.59
1458,2.57
1459,2.54
1460,2.42
1461,2.14
1462,1.77
1463,1.44
1464,1.08
1465,0.76
1466,0.56
1467,0.49
1468,0.51
1469,0.65
1470,0.86
1471,1.41
1472,2.15
1473,2.83
1474,3.25
1475,3.47
1476,3.57
1477,3.42
1478,3.26
1479,3.19
1480,3
1481,2.4
1482,2.16
1483,1.61
1484,0.98
1485,0.65
1486,0.56
1487,0.44
1488,0.39
1489,0.43
1490,0.65
1491,0.87
1492,0.87
1493,0.71
1494,0.49
1495,0.13
1496,1.22
1497,2.4
1498,2.81
1499,2.98
1500,2.84
1501,2.52
1502,2.26
1503,2.05
1504,1.97
1505,1.53
1506,1.2
1507,0.89
1508,0.71
1509,0.45
1510,0.56
1511,0.82
1512,0.83
1513,0.64
1514,0.61
1515,0.84
1516,0.93
1517,0.89
1518,0.93
1519,1.07
1520,1.04
1521,1.82
1522,2.06
1523,2.15
1524,2.34
1525,2.51
1526,2.48
1527,2.4
1528,2.04
1529,1.68
1530,1.47
1531,1.22
1532,0.99
1533,0.77
1534,0.77
1535,1.03
1536,1.17
1537,1.19
1538,1.1
1539,0.94
1540,0.74
1541,0.85
1542,1.11
1543,1.28
1544,1.52
1545,2.68
1546,3.13
1547,3.3
1548,3.15
1549,2.82
1550,2.6
1551,2.4
1552,1.43
1553,0.81
1554,0.37
1555,0.74
1556,0.96
1557,1.06
1558,1.17
1559,1.34
1560,1.53
1561,1.63
1562,1.64
1563,1.55
1564,1.38
1565,1.16
1566,1
1567,1.24
1568,1.74
1569,2.6
1570,2.94
1571,3.31
1572,3.45
1573,3.31
1574,3.01
1575,2.42
1576,1.16
1577,0.69
1578,0.35
1579,0.45
1580,0.57
1581,0.67
1582,0.89
1583,1.21
1584,1.69
1585,2.14
1586,2.42
1587,2.67
1588,2.8
1589,3.15
1590,3.36
1591,4.21
1592,4.7
1593,4.44
1594,4.35
1595,4.55
1596,4.47
1597,4.09
1598,3.65
1599,2.94
1600,1.91
1601,1.77
1602,1.78
1603,1.85
1604,1.95
1605,1.84
1606,1.64
1607,1.34
1608,1.25
1609,1.19
1610,1.31
1611,1.38
1612,1.42
1613,1.47
1614,1.75
1615,2.14
1616,2.47
1617,2.86
1618,3.21
1619,3.49
1620,3.93
1621,4.49
1622,5.02
1623,5.34
1624,5.3
1625,4.26
1626,4.01
1627,3.65
1628,3.15
1629,2.87
1630,2.67
1631,2.47
1632,2.43
1633,2.43
1634,2.57
1635,2.82
1636,3.16
1637,3.52
1638,3.89
1639,4.59
1640,5.36
1641,5.97
1642,6.47
1643,6.9
1644,7.18
1645,7.35
1646,7.34
1647,7.08
1648,6.47
1649,5.61
1650,4.78
1651,4.31
1652,4.01
1653,3.79
1654,3.64
1655,3.5
1656,3.54
1657,3.79
1658,4.02
1659,4.16
1660,4.15
1661,4.07
1662,3.8
1663,3.8
1664,4.12
1665,4.58
1666,5.09
1667,5.46
1668,5.69
1669,5.83
1670,5.8
1671,5.57
1672,5.04
1673,4.07
1674,3.56
1675,2.91
1676,2.36
1677,1.88
1678,1.4
1679,1.18
1680,1.17
1681,1.25
1682,1.31
1683,1.22
1684,1.05
1685,0.88
1686,0.62
1687,0.91
1688,1.87
1689,2.63
1690,3.28
1691,3.78
1692,4.24
1693,4.67
1694,4.9
1695,4.87
1696,4.6
1697,3.72
1698,3.1
1699,2.43
1700,1.89
1701,1.62
1702,1.45
1703,1.33
1704,1.15
1705,0.89
1706,0.93
1707,0.97
1708,0.93
1709,0.94
1710,0.85
1711,1.26
1712,3.08
1713,4.17
1714,4.89
1715,5.45
1716,5.73
1717,5.8
1718,5.7
1719,5.3
1720,4.47
1721,3.29
1722,2.67
1723,2.23
1724,1.87
1725,1.33
1726,1.01
1727,0.81
1728,0.79
1729,0.95
1730,1.02
1731,0.92
1732,0.74
1733,0.7
1734,0.79
1735,1.08
1736,1.6
1737,3.07
1738,3.73
1739,4.15
1740,4.16
1741,4.05
1742,3.94
1743,3.69
1744,2.84
1745,1.63
1746,0.82
1747,0.21
1748,0.32
1749,0.39
1750,0.47
1751,0.59
1752,0.77
1753,1.03
1754,1.22
1755,1.26
1756,1.21
1757,1.13
1758,0.95
1759,0.73
1760,0.81
1761,2.49
1762,3.24
1763,3.65
1764,3.7
1765,3.55
1766,3.28
1767,2.86
1768,2.05
1769,1.81
1770,1.32
1771,0.73
1772,0.56
1773,0.69
1774,0.81
1775,0.92
1776,1.15
1777,1.43
1778,1.59
1779,1.68
1780,1.82
1781,2.04
1782,2.06
1783,1.83
1784,1.27
1785,2.18
1786,2.32
1787,2.3
1788,2.34
1789,2.49
1790,2.63
1791,2.5
1792,1.67
1793,1.43
1794,0.39
1795,0.61
1796,1.02
1797,1.13
1798,1.17
1799,1.27
1800,1.51
1801,1.77
1802,1.93
1803,2.03
1804,2.05
1805,2.1
1806,2.15
1807,2.43
1808,2.75
1809,2.55
1810,2.19
1811,2.11
1812,2.31
1813,2.58
1814,2.85
1815,3.01
1816,2.63
1817,2.1
1818,1.53
1819,0.87
1820,0.56
1821,0.62
1822,0.69
1823,0.71
1824,0.7
1825,0.64
1826,0.53
1827,0.54
1828,0.68
1829,1.02
1830,1.28
1831,1.02
1832,1.24
1833,2.01
1834,2.54
1835,2.97
1836,3.23
1837,3.39
1838,3.43
1839,3.37
1840,3.1
1841,2.13
1842,1.69
1843,1.1
1844,0.53
1845,0.09
1846,0.32
1847,0.59
1848,0.73
1849,0.83
1850,1.24
1851,1.52
1852,1.7
1853,1.81
1854,1.86
1855,2.4
1856,2.85
1857,3.2
1858,3.29
1859,3.36
1860,3.48
1861,3.6
1862,3.59
1863,3.22
1864,1.71
1865,0.71
1866,1.18
1867,2.35
1868,2.88
1869,3.13
1870,3.33
1871,3.53
1872,3.82
1873,4.22
1874,4.58
1875,4.61
1876,4.78
1877,4.93
1878,5.28
1879,6.36
1880,6.54
1881,6.88
1882,6.74
1883,6.65
1884,6.64
1885,6.57
1886,6.23
1887,5.5
1888,3.44
1889,2.96
1890,3.14
1891,3.54
1892,4.01
1893,4.54
1894,5.18
1895,5.26
1896,5.33
1897,5.2
1898,5.05
1899,4.85
1900,4.64
1901,4.77
1902,5.79
1903,7.35
1904,9.04
1905,9.83
1906,9.71
1907,9.31
1908,9.08
1909,9.15
1910,8.89
1911,7.79
1912,5.45
1913,4.03
1914,4
1915,3.85
1916,3.68
1917,3.69
1918,3.53
1919,3.08
1920,3.03
1921,2.7
1922,2.44
1923,2.24
1924,2.2
1925,2.17
1926,2.43
1927,3.31
1928,4.16
1929,4.7
1930,4.94
1931,5.08
1932,5.17
1933,5.15
1934,4.84
1935,4.31
1936,3.16
1937,1.58
1938,1.38
1939,1.83
1940,2.2
1941,2.34
1942,2.39
1943,2.44
1944,2.51
1945,2.6
1946,2.67
1947,2.74
1948,2.73
1949,2.99
1950,3.17
1951,3.69
1952,4.3
1953,4.47
1954,4.53
1955,4.52
1956,4.43
1957,4.14
1958,3.78
1959,3.25
1960,2.13
1961,1.14
1962,0.92
1963,1.57
1964,2.2
1965,2.33
1966,2.19
1967,1.86
1968,1.65
1969,1.59
1970,1.52
1971,1.33
1972,1.4
1973,1.42
1974,1.45
1975,1.9
1976,2.01
1977,1.83
1978,2.13
1979,3.01
1980,3.79
1981,3.72
1982,3.07
1983,2.35
1984,1.75
1985,1.05
1986,0.84
1987,0.91
1988,1.13
1989,1.17
1990,1.14
1991,1.21
1992,1.32
1993,1.39
1994,1.43
1995,1.49
1996,1.63
1997,1.95
1998,2.38
1999,2.76
2000,3.2
2001,3.44
2002,3.47
2003,3.4
2004,3.2
2005,3.01
2006,2.89
2007,2.82
2008,2.52
2009,1.81
2010,1.33
2011,0.51
2012,1.04
2013,1.5
2014,1.77
2015,1.94
2016,1.84
2017,1.52
2018,1.03
2019,0.51
2020,0.17
2021,0.53
2022,0.87
2023,1.48
2024,0.7
2025,0.91
2026,2.05
2027,3.03
2028,3.58
2029,3.78
2030,3.91
2031,3.99
2032,3.15
2033,1.99
2034,1.96
2035,2.5
2036,2.76
2037,2.8
2038,2.79
2039,2.84
2040,2.91
2041,3
2042,3.1
2043,3.15
2044,3.18
2045,3.19
2046,2.97
2047,3.51
2048,2.95
2049,2.57
2050,2.42
2051,2.58
2052,2.84
2053,3.02
2054,3.17
2055,3.24
2056,2.96
2057,2.23
2058,1.7
2059,1.48
2060,1.42
2061,1.18
2062,0.83
2063,0.55
2064,0.36
2065,0.25
2066,0.43
2067,0.92
2068,1.55
2069,1.92
2070,2.39
2071,3.04
2072,2.86
2073,2.86
2074,2.6
2075,2.43
2076,2.2
2077,2.08
2078,2.2
2079,2.38
2080,2.06
2081,1.69
2082,0.84
2083,0.63
2084,1.2
2085,1.5
2086,1.46
2087,1.07
2088,1.2
2089,1.98
2090,2.34
2091,2.5
2092,2.52
2093,2.55
2094,2.47
2095,2.49
2096,2.78
2097,3.28
2098,3.11
2099,2.81
2100,2.71
2101,2.77
2102,2.78
2103,2.63
2104,1.8
2105,1.14
2106,1.71
2107,2.82
2108,3.42
2109,3.71
2110,3.88
2111,4.23
2112,4.68
2113,5.02
2114,5.09
2115,4.95
2116,4.82
2117,4.59
2118,5.38
2119,7.32
2120,9.26
2121,9.46
2122,9.09
2123,8.68
2124,8.41
2125,8.15
2126,7.77
2127,7.22
2128,6.02
2129,3.6
2130,3.02
2131,2.82
2132,2.75
2133,2.85
2134,3.01
2135,3.33
2136,3.75
2137,4.07
2138,4.38
2139,4.5
2140,4.56
2141,4.72
2142,5.24
2143,5.86
2144,5.73
2145,5.25
2146,5.13
2147,5.26
2148,5.44
2149,5.59
2150,5.57
2151,5.37
2152,4.65
2153,2.42
2154,2.22
2155,2.67
2156,2.92
2157,2.95
2158,3.08
2159,3.2
2160,3.07
2161,2.89
2162,2.83
2163,2.66
2164,2.67
2165,2.69
2166,2.28
2167,2.61
2168,3.45
2169,3.38
2170,4.44
2171,4.46
2172,3.84
2173,3.44
2174,2.94
2175,2.25
2176,1.63
2177,0.88
2178,1.52
2179,1.56
2180,1.79
2181,2.47
2182,2.43
2183,2.05
2184,1.96
2185,1.83
2186,1.4
2187,1.91
2188,2.13
2189,2.69
2190,2.86
2191,3.23
2192,4.22
2193,3.9
2194,2.43
2195,1.7
2196,1.41
2197,1.11
2198,1.09
2199,2.62
2200,2.61
2201,1.56
2202,1.54
2203,1.51
2204,1.53
2205,1.82
2206,2.54
2207,2.41
2208,1.85
2209,1.7
2210,1.31
2211,1.39
2212,1.52
2213,2.15
2214,3.01
2215,4.68
2216,6.92
2217,8.18
2218,8.77
2219,8.79
2220,8.81
2221,8.57
2222,7.93
2223,6.73
2224,4.75
2225,2.44
2226,2.27
2227,3.41
2228,4.27
2229,4.77
2230,5.2
2231,5.8
2232,5.41
2233,5.55
2234,5.83
2235,5.6
2236,5.47
2237,5.53
2238,6.39
2239,7.25
2240,7.28
2241,6.77
2242,6.6
2243,6.54
2244,6.43
2245,6.11
2246,5.57
2247,4.79
2248,3.59
2249,1.54
2250,1.2
2251,1.34
2252,1.58
2253,1.89
2254,2.17
2255,2.38
2256,2.54
2257,2.59
2258,2.67
2259,3.08
2260,3.6
2261,3.71
2262,4.29
2263,4.55
2264,3.89
2265,2.83
2266,2.18
2267,1.9
2268,2.15
2269,2.68
2270,3.11
2271,3.53
2272,3.84
2273,3.12
2274,2.86
2275,3.51
2276,3.89
2277,4.36
2278,4.67
2279,5.2
2280,5.86
2281,6.15
2282,6.05
2283,5.76
2284,5.75
2285,5.85
2286,6.58
2287,7.29
2288,7.52
2289,7.16
2290,7.01
2291,6.98
2292,7.07
2293,7.1
2294,7.02
2295,6.59
2296,5.76
2297,4.67
2298,4.33
2299,4.35
2300,4.23
2301,4.46
2302,4.98
2303,5.44
2304,5.81
2305,5.91
2306,5.62
2307,5.01
2308,4.57
2309,4.19
2310,4.32
2311,5.11
2312,5.05
2313,4.19
2314,3.06
2315,1.89
2316,2.29
2317,2.13
2318,0.88
2319,0.44
2320,1.36
2321,1.23
2322,1.31
2323,1.75
2324,1.69
2325,1.98
2326,2.76
2327,3.86
2328,4.98
2329,4.54
2330,4.3
2331,3.9
2332,3.41
2333,3.08
2334,3.85
2335,5.33
2336,6.36
2337,6.44
2338,6.36
2339,6.39
2340,6.55
2341,6.98
2342,7.23
2343,7.04
2344,6.27
2345,4.41
2346,3.61
2347,4.26
2348,5.45
2349,6.3
2350,7.02
2351,6.76
2352,7.28
2353,8.01
2354,8.48
2355,8.88
2356,9.02
2357,9.3
2358,10.07
2359,11.98
2360,14.11
2361,14.67
2362,14.62
2363,14.43
2364,14.1
2365,13.66
2366,13.25
2367,12.93
2368,12.36
2369,10.94
2370,8.75
2371,8.19
2372,8.42
2373,8.37
2374,7.86
2375,6.85
2376,5.88
2377,5.22
2378,4.57
2379,4.36
2380,4.14
2381,3.96
2382,4.91
2383,7.12
2384,8.07
2385,7.96
2386,7.81
2387,7.93
2388,8.15
2389,8.18
2390,7.82
2391,7.06
2392,5.91
2393,3.2
2394,2.47
2395,1.9
2396,1.84
2397,2.17
2398,2.4
2399,2.55
2400,2.67
2401,2.74
2402,2.86
2403,3.02
2404,3.15
2405,3.22
2406,3.54
2407,4.32
2408,4.92
2409,5.02
2410,5.2
2411,5.26
2412,5.18
2413,4.98
2414,4.78
2415,4.51
2416,3.89
2417,2.03
2418,1.27
2419,0.59
2420,1.28
2421,1.75
2422,2.09
2423,2.44
2424,2.71
2425,2.88
2426,3
2427,3.1
2428,3.13
2429,3.08
2430,2.64
2431,3.17
2432,2.77
2433,2.62
2434,2.23
2435,2.01
2436,1.95
2437,2.09
2438,2.36
2439,2.62
2440,2.8
2441,2.05
2442,1.7
2443,0.68
2444,0.59
2445,0.92
2446,1.16
2447,1.31
2448,1.83
2449,2.41
2450,2.76
2451,2.99
2452,3.03
2453,2.98
2454,2.63
2455,3.14
2456,3.02
2457,3.67
2458,4.06
2459,4.48
2460,5.07
2461,5.48
2462,5.65
2463,5.46
2464,4.89
2465,2.73
2466,2.33
2467,2.08
2468,1.49
2469,0.72
2470,0.73
2471,1.38
2472,1.9
2473,2.13
2474,2.02
2475,1.74
2476,1.57
2477,1.6
2478,1.64
2479,2.01
2480,3.18
2481,4.1
2482,4.77
2483,5.22
2484,5.25
2485,5.04
2486,4.7
2487,4.21
2488,3.7
2489,2.38
2490,1.96
2491,1.51
2492,1.02
2493,0.72
2494,0.84
2495,0.99
2496,0.88
2497,0.64
2498,0.38
2499,0.29
2500,0.33
2501,0.31
2502,0.18
2503,1.11
2504,2.51
2505,3.25
2506,3.75
2507,4.13
2508,4.28
2509,4.38
2510,4.48
2511,4.5
2512,4.26
2513,2.96
2514,2.26
2515,1.72
2516,1.14
2517,0.81
2518,0.72
2519,0.76
2520,0.59
2521,0.32
2522,0.45
2523,0.74
2524,0.97
2525,1.16
2526,1.14
2527,0.65
2528,1.38
2529,2.19
2530,2.73
2531,3.35
2532,3.82
2533,3.99
2534,4.09
2535,4.2
2536,4.21
2537,3.17
2538,2.38
2539,1.57
2540,0.63
2541,0.49
2542,0.92
2543,1.34
2544,1.62
2545,1.84
2546,2.02
2547,2.15
2548,2.2
2549,2.24
2550,1.95
2551,1.86
2552,1.95
2553,2.7
2554,3.1
2555,3.5
2556,3.78
2557,4.03
2558,4.27
2559,4.37
2560,4.13
2561,2.16
2562,2.01
2563,2.8
2564,3.28
2565,3.53
2566,3.76
2567,3.99
2568,4.21
2569,4.18
2570,4.04
2571,3.73
2572,3.24
2573,2.42
2574,1.5
2575,1.45
2576,2.24
2577,2.51
2578,2.72
2579,2.7
2580,2.34
2581,2.35
2582,2.85
2583,2.96
2584,2.56
2585,1.55
2586,0.59
2587,0.7
2588,1.21
2589,1.58
2590,1.94
2591,2.13
2592,2.32
2593,2.39
2594,2.24
2595,2.08
2596,2.14
2597,2.43
2598,2.59
2599,2.59
2600,2.84
2601,3.41
2602,3.66
2603,3.95
2604,4.21
2605,4.41
2606,4.3
2607,3.71
2608,2.79
2609,1.36
2610,1.05
2611,1.57
2612,2.48
2613,2.91
2614,2.88
2615,2.7
2616,2.49
2617,2.23
2618,1.89
2619,1.43
2620,1
2621,0.87
2622,0.83
2623,0.88
2624,2.1
2625,3.38
2626,3.78
2627,3.64
2628,3.46
2629,3.49
2630,3.39
2631,2.83
2632,2.68
2633,2.97
2634,2.6
2635,1.95
2636,1.53
2637,1.54
2638,1.64
2639,1.88
2640,1.95
2641,1.58
2642,1.16
2643,0.2
2644,0.98
2645,1.37
2646,1.18
2647,0.41
2648,0.38
2649,0.76
2650,1.2
2651,1.17
2652,0.24
2653,0.7
2654,1.17
2655,2.23
2656,3.04
2657,3.02
2658,2.8
2659,3.09
2660,3.03
2661,3.1
2662,3.21
2663,3.34
2664,3.32
2665,2.85
2666,2.45
2667,1.87
2668,2.08
2669,2.47
2670,3.09
2671,3.74
2672,3.94
2673,4.09
2674,3.96
2675,3.01
2676,1.84
2677,1.11
2678,1.54
2679,2.54
2680,3.6
2681,4.29
2682,3.88
2683,3.3
2684,2.67
2685,2.1
2686,1.66
2687,1.59
2688,1.31
2689,1.12
2690,1.16
2691,1.27
2692,1.25
2693,1.27
2694,0.75
2695,1.81
2696,2.26
2697,1.69
2698,1.45
2699,1
2700,1.96
2701,3
2702,3.14
2703,2.81
2704,2.88
2705,2.81
2706,1.88
2707,1.44
2708,1.27
2709,1.62
2710,1.64
2711,1.5
2712,0.78
2713,0.39
2714,1.01
2715,1.51
2716,1.59
2717,1.78
2718,1.5
2719,2.09
2720,2.72
2721,3.02
2722,2.13
2723,2.2
2724,3.07
2725,2.65
2726,1.39
2727,0.53
2728,2.25
2729,2.93
2730,2.76
2731,2.06
2732,1.4
2733,1.88
2734,1.94
2735,1.57
2736,1.39
2737,1.29
2738,0.93
2739,0.56
2740,0.63
2741,0.96
2742,1.11
2743,1.33
2744,2.29
2745,3.43
2746,4.37
2747,5.23
2748,5.9
2749,6.26
2750,6.35
2751,6.2
2752,5.91
2753,5.24
2754,4.13
2755,3.12
2756,2.2
2757,1.62
2758,0.98
2759,0.76
2760,0.67
2761,0.44
2762,0.32
2763,0.26
2764,0.16
2765,0.1
2766,0.15
2767,2.34
2768,4.6
2769,5
2770,4.9
2771,4.72
2772,4.56
2773,4.5
2774,4.42
2775,4.29
2776,3.93
2777,2.69
2778,1.82
2779,1.39
2780,0.93
2781,0.56
2782,0.47
2783,0.71
2784,0.95
2785,1.04
2786,1
2787,0.91
2788,0.8
2789,0.7
2790,0.71
2791,2.56
2792,4
2793,4.65
2794,4.99
2795,5.19
2796,5.15
2797,5.05
2798,4.89
2799,4.6
2800,4.1
2801,2.79
2802,2.01
2803,1.49
2804,0.93
2805,0.57
2806,0.4
2807,0.34
2808,0.48
2809,0.64
2810,0.66
2811,0.58
2812,0.55
2813,0.57
2814,0.54
2815,0.81
2816,2.17
2817,2.62
2818,3
2819,3.28
2820,3.46
2821,3.56
2822,3.71
2823,3.98
2824,4.29
2825,3.82
2826,2.87
2827,2.25
2828,1.93
2829,1.77
2830,1.58
2831,1.36
2832,1.16
2833,0.94
2834,0.73
2835,0.74
2836,0.99
2837,1.25
2838,1.38
2839,1.97
2840,2.11
2841,1.85
2842,1.96
2843,2.34
2844,2.72
2845,3.08
2846,3.31
2847,3.44
2848,3.46
2849,2.96
2850,1.93
2851,1.65
2852,1.22
2853,0.93
2854,0.83
2855,0.58
2856,0.3
2857,0.14
2858,0.53
2859,1
2860,1.3
2861,1.37
2862,0.91
2863,1.5
2864,3.32
2865,3.53
2866,3.59
2867,3.73
2868,3.83
2869,4.03
2870,4.19
2871,4.24
2872,4.08
2873,3.14
2874,2.26
2875,1.61
2876,0.73
2877,0.7
2878,0.95
2879,1.13
2880,1.46
2881,1.77
2882,1.96
2883,2.08
2884,2.13
2885,2.11
2886,1.75
2887,0.89
2888,1.87
2889,2.52
2890,2.76
2891,3.1
2892,3.46
2893,3.61
2894,3.48
2895,3.3
2896,3.23
2897,2.42
2898,2.15
2899,1.32
2900,0.69
2901,1.25
2902,1.7
2903,2.02
2904,2.38
2905,2.67
2906,2.87
2907,3.01
2908,3.11
2909,3.15
2910,2.86
2911,3.52
2912,3.03
2913,2.94
2914,2.79
2915,2.72
2916,2.77
2917,2.87
2918,3
2919,3.11
2920,3.04
2921,1.76
2922,1.2
2923,1.81
2924,2.67
2925,3.03
2926,3.19
2927,3.28
2928,3.38
2929,3.44
2930,3.44
2931,3.34
2932,3.14
2933,2.77
2934,2.21
2935,2.24
2936,2.64
2937,3.07
2938,3.37
2939,3.52
2940,3.68
2941,3.87
2942,4.05
2943,4.07
2944,3.87
2945,2.75
2946,2.13
2947,1.86
2948,1.32
2949,1
2950,0.84
2951,0.84
2952,1.11
2953,1.49
2954,2.03
2955,2.46
2956,2.56
2957,2.3
2958,2.43
2959,2.52
2960,1.52
2961,0.27
2962,1.45
2963,2.11
2964,2.34
2965,2.52
2966,2.64
2967,2.61
2968,2.51
2969,1.63
2970,1.05
2971,0.15
2972,1.05
2973,1.83
2974,2.35
2975,2.62
2976,2.64
2977,2.44
2978,2.34
2979,2.52
2980,2.72
2981,2.59
2982,2.48
2983,2.56
2984,3.18
2985,4.11
2986,4.85
2987,5.17
2988,4.96
2989,4.59
2990,4.23
2991,3.91
2992,3.47
2993,1.9
2994,1.63
2995,2.23
2996,2.82
2997,3.09
2998,3.28
2999,2.97
3000,2.34
3001,1.72
3002,1.64
3003,1.94
3004,1.4
3005,1.17
3006,1.01
3007,1.54
3008,3.72
3009,4.19
3010,3.66
3011,3.1
3012,2.74
3013,2.73
3014,2.77
3015,2.57
3016,2.11
3017,1.28
3018,1.01
3019,1.23
3020,1.48
3021,1.48
3022,1.34
3023,1.25
3024,1.43
3025,1.75
3026,1.83
3027,1.83
3028,1.83
3029,1.89
3030,2.47
3031,2.62
3032,3.35
3033,4.55
3034,5.35
3035,5.76
3036,5.75
3037,5.5
3038,5.13
3039,4.67
3040,4.08
3041,3.27
3042,1.95
3043,1.73
3044,1.55
3045,1.34
3046,0.76
3047,0.28
3048,0.72
3049,1.05
3050,1.06
3051,1.05
3052,0.88
3053,0.6
3054,0.83
3055,2.96
3056,4.11
3057,4.5
3058,4.79
3059,4.98
3060,5.04
3061,5.02
3062,4.91
3063,4.75
3064,4.53
3065,3.66
3066,2.18
3067,1.59
3068,1.25
3069,1.17
3070,1.04
3071,1.25
3072,1.48
3073,1.56
3074,1.49
3075,1.33
3076,1.14
3077,0.98
3078,0.71
3079,1.1
3080,3.08
3081,3.69
3082,4.15
3083,4.5
3084,4.62
3085,4.63
3086,4.59
3087,4.53
3088,4.36
3089,3.74
3090,2.48
3091,1.9
3092,0.93
3093,0.49
3094,0.73
3095,0.82
3096,0.8
3097,0.8
3098,0.75
3099,0.69
3100,0.7
3101,0.94
3102,1.13
3103,0.51
3104,2.22
3105,3.42
3106,4.24
3107,4.8
3108,5.06
3109,5.16
3110,5.16
3111,5.05
3112,4.75
3113,3.61
3114,2.38
3115,1.78
3116,1.18
3117,0.82
3118,0.8
3119,1
3120,0.92
3121,0.55
3122,0.12
3123,0.56
3124,0.98
3125,1.23
3126,1.14
3127,1.24
3128,2.3
3129,3.25
3130,4.06
3131,4.61
3132,5
3133,5.28
3134,5.38
3135,5.29
3136,5.03
3137,4.09
3138,2.53
3139,1.8
3140,1.26
3141,1.01
3142,0.88
3143,1
3144,1.43
3145,1.75
3146,1.9
3147,2.01
3148,2.16
3149,2.26
3150,2.05
3151,1.69
3152,0.65
3153,0.45
3154,1.31
3155,2.21
3156,3.07
3157,3.86
3158,4.38
3159,4.6
3160,4.65
3161,3.79
3162,2.52
3163,1.89
3164,1.23
3165,0.7
3166,0.27
3167,0.46
3168,0.83
3169,1.05
3170,1.11
3171,1.13
3172,1.21
3173,1.28
3174,1.16
3175,0.59
3176,1.72
3177,2.52
3178,3.17
3179,3.75
3180,4.35
3181,4.88
3182,5.13
3183,5.13
3184,4.95
3185,4.05
3186,2.6
3187,1.89
3188,1
3189,0.67
3190,0.44
3191,0.09
3192,0.33
3193,0.56
3194,0.43
3195,0.22
3196,0.71
3197,1.04
3198,0.96
3199,1.69
3200,2.81
3201,3.47
3202,3.96
3203,4.54
3204,5.2
3205,5.9
3206,6.43
3207,6.82
3208,6.91
3209,5.86
3210,3.54
3211,2.99
3212,2.78
3213,2.7
3214,2.64
3215,2.61
3216,2.54
3217,2.41
3218,2.27
3219,2.07
3220,1.85
3221,1.65
3222,2.26
3223,2.56
3224,2.29
3225,1.89
3226,1.72
3227,1.74
3228,1.97
3229,2.23
3230,2.44
3231,2.73
3232,3.07
3233,3.4
3234,2.53
3235,1.44
3236,0.9
3237,0.71
3238,1
3239,1.05
3240,0.88
3241,0.6
3242,0.4
3243,0.68
3244,1.11
3245,1.29
3246,1.68
3247,1.92
3248,2.41
3249,3.52
3250,4.46
3251,5.04
3252,5.3
3253,5.26
3254,5.05
3255,4.68
3256,4.19
3257,3.49
3258,2.09
3259,1.63
3260,1.56
3261,1.61
3262,1.53
3263,1.37
3264,1.26
3265,1.23
3266,1.19
3267,1.25
3268,1.27
3269,1.38
3270,2.19
3271,3.01
3272,3.55
3273,3.49
3274,3.02
3275,2.71
3276,2.79
3277,2.96
3278,2.9
3279,2.65
3280,2.41
3281,2.78
3282,3.13
3283,2.84
3284,2.36
3285,1.74
3286,0.91
3287,0.34
3288,1.17
3289,1.53
3290,1.67
3291,1.61
3292,1.55
3293,1.82
3294,2.47
3295,3.21
3296,4.31
3297,5.13
3298,5.75
3299,6.09
3300,6.4
3301,6.56
3302,6.38
3303,6.04
3304,5.56
3305,4.41
3306,2.69
3307,2.76
3308,3.77
3309,4.42
3310,4.91
3311,5.24
3312,5.47
3313,5.48
3314,5.25
3315,5.05
3316,5.12
3317,5.57
3318,6.67
3319,8.25
3320,8.59
3321,8.44
3322,8.33
3323,8.47
3324,8.71
3325,8.84
3326,9.01
3327,9.08
3328,8.73
3329,7.77
3330,6.11
3331,5.59
3332,5.15
3333,4.82
3334,4.82
3335,4.62
3336,4.13
3337,3.5
3338,2.96
3339,2.6
3340,2.36
3341,2.24
3342,3.65
3343,4.69
3344,5.19
3345,4.76
3346,3.93
3347,3.38
3348,3.58
3349,4.15
3350,3.85
3351,4.17
3352,4.42
3353,4.14
3354,2.77
3355,1.67
3356,1.08
3357,0.61
3358,0.77
3359,1.42
3360,1.56
3361,1.76
3362,1.74
3363,1.07
3364,0.78
3365,1.42
3366,1.4
3367,1.4
3368,2.01
3369,2.87
3370,3.54
3371,4.15
3372,4.98
3373,5.84
3374,6.38
3375,6.59
3376,6.68
3377,6.21
3378,5.2
3379,4.66
3380,4.54
3381,4.33
3382,3.89
3383,3.49
3384,3.45
3385,2.96
3386,2.79
3387,2.71
3388,2.62
3389,2.94
3390,4.12
3391,4.82
3392,4.89
3393,4.62
3394,4.11
3395,3.57
3396,3.15
3397,2.75
3398,2.51
3399,2.24
3400,1.78
3401,1.08
3402,0.12
3403,0.84
3404,1.41
3405,1.65
3406,1.67
3407,1.58
3408,1.55
3409,1.48
3410,1.35
3411,1.21
3412,0.99
3413,0.69
3414,1.02
3415,1.93
3416,2.43
3417,2.55
3418,2.54
3419,2.29
3420,1.94
3421,1.76
3422,1.66
3423,1.68
3424,1.76
3425,1.71
3426,1.33
3427,1.11
3428,0.88
3429,1.34
3430,1.63
3431,1.64
3432,1.54
3433,1.51
3434,1.56
3435,1.71
3436,1.86
3437,1.86
3438,2.1
3439,1.55
3440,1.43
3441,1.62
3442,2.1
3443,2.43
3444,2.41
3445,2.44
3446,2.42
3447,2.15
3448,1.93
3449,1.85
3450,1.88
3451,1.95
3452,1.36
3453,0.63
3454,0.43
3455,0.78
3456,1.31
3457,1.79
3458,2.19
3459,2.57
3460,2.88
3461,2.8
3462,3.38
3463,3.4
3464,4.01
3465,4.07
3466,3.76
3467,3.63
3468,3.69
3469,3.72
3470,3.27
3471,2.57
3472,2.29
3473,1.67
3474,1.94
3475,2.44
3476,2.97
3477,4.44
3478,6.19
3479,7.14
3480,5.07
3481,2.75
3482,3.17
3483,4.73
3484,4.35
3485,5.69
3486,6.03
3487,6.5
3488,8.8
3489,9.81
3490,10.23
3491,10.21
3492,10.77
3493,11.27
3494,11.77
3495,11.81
3496,11.35
3497,10.52
3498,8.69
3499,6.88
3500,5.63
3501,5.11
3502,4.55
3503,4.36
3504,4.34
3505,4.26
3506,4.07
3507,3.87
3508,3.76
3509,3.92
3510,5.31
3511,7.07
3512,7.37
3513,7.21
3514,7.16
3515,7.01
3516,5.81
3517,3.98
3518,2.81
3519,2.2
3520,1.99
3521,0.75
3522,1.38
3523,1.89
3524,2.38
3525,2.37
3526,1.85
3527,1.13
3528,1.35
3529,1.46
3530,1.07
3531,1.53
3532,1.47
3533,1.05
3534,1.51
3535,2.8
3536,4.15
3537,4.85
3538,5.09
3539,5.33
3540,5.61
3541,5.84
3542,5.83
3543,5.49
3544,5
3545,3.89
3546,2.02
3547,1.56
3548,1.51
3549,1.57
3550,1.71
3551,1.85
3552,1.65
3553,1.51
3554,1.26
3555,0.93
3556,0.48
3557,0.96
3558,1.97
3559,2.68
3560,2.95
3561,2.95
3562,2.86
3563,2.64
3564,2.58
3565,2.68
3566,2.85
3567,3.01
3568,3
3569,2.93
3570,2.66
3571,2.11
3572,1.55
3573,1.11
3574,0.61
3575,0.06
3576,0.8
3577,1.29
3578,1.39
3579,1.38
3580,0.86
3581,0.32
3582,0.96
3583,1.99
3584,2.89
3585,3.6
3586,3.99
3587,4
3588,3.79
3589,3.55
3590,3.17
3591,2.59
3592,2.09
3593,1.53
3594,1.15
3595,0.93
3596,0.54
3597,0.5
3598,0.49
3599,0.96
3600,2.73
3601,3.14
3602,2.55
3603,2.46
3604,2.11
3605,2.54
3606,2.8
3607,3.56
3608,4.27
3609,4.92
3610,5.22
3611,5.49
3612,5.79
3613,5.79
3614,5.48
3615,4.99
3616,4.29
3617,3.41
3618,2.47
3619,1.96
3620,1.55
3621,1.34
3622,1.06
3623,0.5
3624,0.39
3625,1.18
3626,1.63
3627,1.76
3628,1.5
3629,1.21
3630,0.98
3631,0.99
3632,2
3633,2.99
3634,3.73
3635,4.19
3636,4.55
3637,4.84
3638,5.13
3639,5.27
3640,5.12
3641,4.76
3642,3.55
3643,2.57
3644,2
3645,1.42
3646,1.02
3647,0.71
3648,0.54
3649,0.56
3650,0.72
3651,0.83
3652,0.84
3653,0.78
3654,0.63
3655,0.41
3656,1.45
3657,2.1
3658,2.54
3659,2.88
3660,3.09
3661,3.31
3662,3.65
3663,3.9
3664,3.76
3665,3.16
3666,2.27
3667,1.8
3668,1.93
3669,2.24
3670,2.51
3671,3.04
3672,2.91
3673,2.77
3674,2.06
3675,1.48
3676,1.08
3677,1.03
3678,1.09
3679,1.58
3680,2.29
3681,3.09
3682,3.55
3683,3.83
3684,3.96
3685,3.95
3686,4.2
3687,3.83
3688,3.46
3689,3.22
3690,2.63
3691,1.9
3692,1.59
3693,1.4
3694,1.43
3695,1.73
3696,2.18
3697,2.5
3698,2.74
3699,2.75
3700,2.6
3701,2.7
3702,2.87
3703,2.88
3704,2.85
3705,2.98
3706,3.44
3707,4.06
3708,4.45
3709,4.58
3710,4.5
3711,4.25
3712,3.97
3713,3.71
3714,2.85
3715,2.13
3716,1.9
3717,1.5
3718,1.57
3719,1.73
3720,1.5
3721,1.46
3722,1.73
3723,1.94
3724,1.5
3725,1.18
3726,1.9
3727,2.34
3728,2.28
3729,1.96
3730,2.07
3731,2.81
3732,3.17
3733,3.29
3734,3.36
3735,3.37
3736,3.22
3737,2.79
3738,1.86
3739,1.47
3740,0.97
3741,0.97
3742,1.17
3743,1.45
3744,1.33
3745,1.16
3746,0.62
3747,0.44
3748,0.58
3749,0.54
3750,0.79
3751,2.39
3752,3.01
3753,3.39
3754,3.63
3755,3.74
3756,3.69
3757,3.49
3758,3.38
3759,3.35
3760,3.33
3761,3.33
3762,2.49
3763,2
3764,1.62
3765,1.47
3766,1.58
3767,1.18
3768,0.94
3769,1.38
3770,1.59
3771,1.26
3772,1.06
3773,1.19
3774,1.07
3775,1.06
3776,1.03
3777,0.89
3778,1.38
3779,2.27
3780,2.66
3781,2.63
3782,2.51
3783,2.6
3784,2.88
3785,3.23
3786,2.77
3787,2.41
3788,1.92
3789,1.15
3790,1.05
3791,1.55
3792,1.5
3793,1.29
3794,1.41
3795,1.85
3796,1.85
3797,2.42
3798,2.79
3799,2.74
3800,2.76
3801,2.82
3802,2.81
3803,2.71
3804,2.65
3805,3.03
3806,3.76
3807,4.57
3808,4.93
3809,4.84
3810,3.73
3811,2.47
3812,2.89
3813,2.96
3814,2.82
3815,2.59
3816,2.19
3817,2.09
3818,2.32
3819,2.38
3820,2.42
3821,2.98
3822,3.57
3823,3.67
3824,3.23
3825,2.52
3826,2
3827,1.74
3828,1.78
3829,2.15
3830,2.87
3831,3.44
3832,3.65
3833,3.51
3834,2.56
3835,1.45
3836,0.69
3837,1.05
3838,1.67
3839,2.04
3840,2.18
3841,2.27
3842,2.35
3843,2.44
3844,2.41
3845,2.02
3846,2.2
3847,2.55
3848,2.96
3849,3.1
3850,3.15
3851,3.1
3852,2.92
3853,2.74
3854,2.82
3855,3.11
3856,3.35
3857,3.59
3858,2.91
3859,2.24
3860,1.99
3861,1.77
3862,1.53
3863,1.3
3864,1.09
3865,1.1
3866,1.33
3867,1.66
3868,1.93
3869,1.76
3870,1.52
3871,0.35
3872,0.76
3873,1.68
3874,2.57
3875,3.37
3876,3.71
3877,3.7
3878,3.55
3879,3.47
3880,3.35
3881,3.25
3882,2.2
3883,1.88
3884,1.48
3885,1.26
3886,1.05
3887,1.11
3888,1.48
3889,1.89
3890,2.31
3891,2.6
3892,2.82
3893,2.59
3894,2.88
3895,2.73
3896,2.57
3897,2.64
3898,2.84
3899,2.7
3900,2.67
3901,2.88
3902,3
3903,3.05
3904,3.12
3905,2.82
3906,1.84
3907,1.51
3908,0.77
3909,0.06
3910,0.61
3911,0.94
3912,0.78
3913,0.64
3914,1.06
3915,1.47
3916,1.73
3917,1.68
3918,1.41
3919,0.48
3920,1.13
3921,1.53
3922,1.82
3923,2.21
3924,2.54
3925,2.78
3926,2.89
3927,2.83
3928,2.99
3929,2.99
3930,2.11
3931,1.87
3932,1.16
3933,0.83
3934,1.04
3935,1.11
3936,0.99
3937,0.96
3938,1.14
3939,1.33
3940,1.49
3941,1.59
3942,1.92
3943,2.01
3944,2.01
3945,2.36
3946,2.61
3947,2.66
3948,2.77
3949,2.95
3950,3.1
3951,3.32
3952,3.48
3953,2.45
3954,1.89
3955,2.63
3956,3.28
3957,3.57
3958,3.69
3959,3.69
3960,3.71
3961,3.71
3962,3.7
3963,3.59
3964,3.51
3965,3.06
3966,3.54
3967,3.88
3968,4.78
3969,4.8
3970,4.62
3971,4.38
3972,4.14
3973,3.95
3974,3.66
3975,3.14
3976,2.76
3977,2.77
3978,2.75
3979,2.68
3980,2.9
3981,2.94
3982,3.86
3983,4.74
3984,4.68
3985,3.29
3986,1.4
3987,0.64
3988,0.49
3989,0.91
3990,2.69
3991,3.42
3992,3.52
3993,3.59
3994,3.75
3995,3.89
3996,3.99
3997,4.09
3998,4.09
3999,4.16
4000,4.21
4001,4.22
4002,3.6
4003,2.26
4004,1.9
4005,1.76
4006,1.63
4007,1.39
4008,0.89
4009,0.17
4010,0.76
4011,1.42
4012,1.73
4013,1.89
4014,3.39
4015,4.43
4016,4.65
4017,4.77
4018,4.93
4019,5.11
4020,5.33
4021,5.43
4022,5.47
4023,5.37
4024,5.13
4025,4.83
4026,3.81
4027,2.85
4028,2.91
4029,2.63
4030,2.44
4031,2.23
4032,2.05
4033,1.88
4034,1.77
4035,1.73
4036,1.74
4037,1.54
4038,2.9
4039,4.55
4040,4.87
4041,5.05
4042,5.19
4043,5.25
4044,5.26
4045,5.22
4046,5.09
4047,4.93
4048,4.74
4049,4.46
4050,3.05
4051,2.4
4052,2.15
4053,1.92
4054,1.69
4055,1.28
4056,0.81
4057,0.45
4058,0.36
4059,0.52
4060,0.79
4061,0.93
4062,1.67
4063,2.57
4064,2.55
4065,2.73
4066,3.04
4067,3.48
4068,4.09
4069,4.72
4070,5.23
4071,5.43
4072,5.22
4073,4.73
4074,3.02
4075,2.18
4076,1.5
4077,0.88
4078,0.55
4079,0.59
4080,0.7
4081,0.79
4082,0.65
4083,0.37
4084,0.1
4085,0.06
4086,0.78
4087,2.38
4088,2.85
4089,3.17
4090,3.47
4091,3.74
4092,3.91
4093,4.12
4094,4.5
4095,4.89
4096,5.11
4097,5.03
4098,3.36
4099,2.5
4100,1.74
4101,1.02
4102,0.43
4103,0.11
4104,0.47
4105,0.63
4106,0.7
4107,0.75
4108,0.81
4109,0.78
4110,0.71
4111,1.21
4112,2.42
4113,2.88
4114,3.24
4115,3.59
4116,3.87
4117,4.15
4118,4.44
4119,4.64
4120,4.71
4121,4.6
4122,3.01
4123,2.64
4124,2.42
4125,2.41
4126,2.41
4127,2.29
4128,2.19
4129,2.09
4130,1.97
4131,1.92
4132,2.03
4133,1.99
4134,3.08
4135,3.69
4136,4.12
4137,3.8
4138,3.19
4139,2.58
4140,1.66
4141,0.83
4142,0.73
4143,1.75
4144,2.11
4145,2.36
4146,3.32
4147,3.71
4148,2.43
4149,0.66
4150,0.46
4151,1.09
4152,1.1
4153,0.73
4154,0.76
4155,0.95
4156,0.66
4157,0.11
4158,0.13
4159,0.78
4160,1.19
4161,1.33
4162,1.36
4163,1.5
4164,1.87
4165,2.15
4166,1.79
4167,2.54
4168,3.65
4169,4.15
4170,3.29
4171,2.24
4172,1.67
4173,1.81
4174,2
4175,1.68
4176,1.19
4177,1.37
4178,1.34
4179,0.93
4180,0.7
4181,0.98
4182,0.88
4183,1.16
4184,2.72
4185,3.99
4186,4.11
4187,3.46
4188,2.4
4189,2.29
4190,3.35
4191,4.87
4192,5.96
4193,5.81
4194,4.33
4195,2.33
4196,1.62
4197,1.07
4198,0.84
4199,0.83
4200,0.6
4201,0.3
4202,0.16
4203,0.24
4204,0.82
4205,1.15
4206,1.63
4207,1.69
4208,1.33
4209,1.12
4210,1.01
4211,0.76
4212,0.72
4213,0.76
4214,0.84
4215,0.88
4216,0.63
4217,0.7
4218,1.43
4219,1.25
4220,0.68
4221,1.06
4222,1.26
4223,1.09
4224,0.84
4225,0.57
4226,0.4
4227,0.35
4228,0.54
4229,0.83
4230,0.25
4231,1.03
4232,1.99
4233,2.66
4234,3.06
4235,3.27
4236,3.17
4237,3.05
4238,3.19
4239,3.53
4240,3.94
4241,4.25
4242,3.54
4243,2.52
4244,2.08
4245,1.54
4246,1.21
4247,1.04
4248,0.83
4249,0.51
4250,0.06
4251,0.31
4252,0.53
4253,0.45
4254,0.97
4255,2.11
4256,2.38
4257,2.58
4258,2.73
4259,2.88
4260,3.08
4261,3.24
4262,3.47
4263,3.66
4264,3.79
4265,3.85
4266,2.78
4267,2.02
4268,1.71
4269,1.47
4270,1.5
4271,1.45
4272,1.26
4273,0.94
4274,0.64
4275,0.59
4276,1.04
4277,1.48
4278,2.21
4279,2.59
4280,2.27
4281,2.26
4282,2.75
4283,3.28
4284,3.55
4285,3.63
4286,3.61
4287,3.52
4288,3.44
4289,3.42
4290,2.48
4291,2.23
4292,2.04
4293,1.66
4294,1.37
4295,1.19
4296,1.1
4297,1
4298,1.17
4299,1.34
4300,1.2
4301,1.24
4302,2.21
4303,2.55
4304,2.65
4305,3.05
4306,3.48
4307,3.74
4308,3.76
4309,3.69
4310,3.82
4311,4.03
4312,4.2
4313,4.29
4314,3.55
4315,2.41
4316,1.97
4317,1.36
4318,1.06
4319,1.22
4320,1.24
4321,0.98
4322,0.69
4323,0.47
4324,0.38
4325,0.43
4326,1.58
4327,2.36
4328,2.49
4329,2.88
4330,3.37
4331,3.8
4332,4.01
4333,4.13
4334,4.26
4335,4.22
4336,3.79
4337,2.95
4338,2.13
4339,2.02
4340,1.84
4341,1.49
4342,0.83
4343,0.35
4344,0.95
4345,1.36
4346,1.46
4347,1.23
4348,0.63
4349,0.59
4350,1.7
4351,2.23
4352,1.42
4353,1.16
4354,2.21
4355,2.74
4356,2.92
4357,3.11
4358,3.47
4359,3.8
4360,4.03
4361,4.05
4362,2.88
4363,2.32
4364,1.8
4365,1.17
4366,0.7
4367,0.6
4368,0.94
4369,1.23
4370,1.2
4371,0.82
4372,0.33
4373,0.44
4374,1.69
4375,2.66
4376,2.84
4377,2.77
4378,2.73
4379,3.25
4380,4.14
4381,4.56
4382,3.38
4383,2.74
4384,2.81
4385,2.28
4386,1.4
4387,0.76
4388,1.25
4389,2.28
4390,1.86
4391,0.98
4392,0.11
4393,0.85
4394,1.13
4395,1.31
4396,1.37
4397,1.43
4398,2.33
4399,2.56
4400,1.96
4401,1.13
4402,1.17
4403,1.92
4404,2.79
4405,3.66
4406,4.28
4407,4.6
4408,4.71
4409,4.54
4410,3.01
4411,2.3
4412,2.1
4413,1.89
4414,1.59
4415,1.12
4416,0.66
4417,0.52
4418,0.73
4419,0.84
4420,0.81
4421,0.68
4422,1.64
4423,2.83
4424,3.33
4425,3.82
4426,4.33
4427,4.83
4428,5.26
4429,5.51
4430,5.31
4431,4.9
4432,4.7
4433,4.44
4434,2.63
4435,2.05
4436,1.63
4437,1.5
4438,1.89
4439,1.37
4440,0.61
4441,1.7
4442,1.42
4443,2.34
4444,2.52
4445,1.51
4446,0.23
4447,1.1
4448,1.54
4449,2.47
4450,3.86
4451,4.99
4452,5.31
4453,4.94
4454,4.31
4455,4.18
4456,4.42
4457,4.62
4458,3.94
4459,2.74
4460,2.44
4461,2.13
4462,1.96
4463,2.34
4464,2.88
4465,2.34
4466,2.19
4467,2.14
4468,1.9
4469,1
4470,1.88
4471,3.3
4472,2.81
4473,1.5
4474,1.27
4475,2.39
4476,3.19
4477,3.64
4478,3.99
4479,4.35
4480,4.57
4481,4.64
4482,4.58
4483,3.77
4484,3.22
4485,2.77
4486,2.28
4487,1.7
4488,1.29
4489,1.26
4490,1.47
4491,1.52
4492,1.93
4493,2.64
4494,0.89
4495,1.29
4496,1.93
4497,1.46
4498,1.37
4499,2.54
4500,3.52
4501,4.14
4502,4.38
4503,4.31
4504,4.23
4505,4.3
4506,3.55
4507,2.24
4508,1.95
4509,1.55
4510,1.36
4511,1.48
4512,1.48
4513,1.23
4514,1.01
4515,0.79
4516,0.71
4517,0.7
4518,1.62
4519,2.22
4520,2.56
4521,2.83
4522,2.95
4523,3.02
4524,3.42
4525,4.35
4526,4.85
4527,3.56
4528,2.87
4529,3.1
4530,2.49
4531,1.25
4532,1.17
4533,1.18
4534,1.35
4535,1.56
4536,1.58
4537,1.43
4538,1.22
4539,1
4540,0.76
4541,0.72
4542,0.8
4543,1.47
4544,2.08
4545,2.61
4546,3.23
4547,3.73
4548,3.95
4549,4.04
4550,4.12
4551,4.05
4552,3.94
4553,3.78
4554,2.36
4555,2.13
4556,1.8
4557,1.45
4558,1.35
4559,1.5
4560,1.58
4561,1.36
4562,1.14
4563,1.23
4564,0.88
4565,1.12
4566,2.51
4567,3.44
4568,3.9
4569,3.94
4570,3.38
4571,3.21
4572,3.45
4573,3.67
4574,3.79
4575,3.9
4576,3.94
4577,4.24
4578,3.63
4579,2.74
4580,2.98
4581,2.85
4582,3.38
4583,3.44
4584,4.42
4585,5.8
4586,5.27
4587,3.18
4588,1.38
4589,0.59
4590,0.73
4591,1.9
4592,2.36
4593,2.28
4594,2.19
4595,2.22
4596,2.36
4597,2.56
4598,2.98
4599,3.56
4600,4.08
4601,4.29
4602,4.06
4603,2.77
4604,2.03
4605,1.43
4606,1.04
4607,0.62
4608,0.76
4609,0.82
4610,0.74
4611,0.62
4612,0.43
4613,0.56
4614,1.54
4615,2.46
4616,2.96
4617,3.19
4618,3.19
4619,3.25
4620,3.65
4621,4.15
4622,4.53
4623,4.82
4624,5.13
4625,5.39
4626,5.14
4627,3.98
4628,3.11
4629,2.39
4630,1.99
4631,1.7
4632,1.63
4633,1.76
4634,1.87
4635,1.93
4636,1.89
4637,2.77
4638,3.24
4639,3.39
4640,3.54
4641,3.75
4642,4.04
4643,4.38
4644,4.56
4645,4.58
4646,4.6
4647,4.73
4648,5.22
4649,5.76
4650,5.52
4651,4.24
4652,3.5
4653,2.72
4654,2.17
4655,1.74
4656,1.58
4657,1.61
4658,1.68
4659,1.84
4660,2.06
4661,2.86
4662,4
4663,4.09
4664,3.63
4665,3.02
4666,2.37
4667,2.04
4668,2.53
4669,3.44
4670,4.39
4671,5.07
4672,5.55
4673,5.85
4674,5.5
4675,4.17
4676,3.39
4677,2.66
4678,2.41
4679,2.01
4680,1.32
4681,1
4682,0.79
4683,0.76
4684,0.87
4685,1.42
4686,2.46
4687,3.15
4688,3.49
4689,3.47
4690,3.27
4691,3.19
4692,3.48
4693,3.88
4694,4.2
4695,4.44
4696,4.79
4697,4.83
4698,4.29
4699,3.2
4700,2.39
4701,1.44
4702,0.83
4703,0.49
4704,0.82
4705,1.07
4706,1.31
4707,0.49
4708,0.58
4709,0.98
4710,1.28
4711,1.16
4712,0.77
4713,0.43
4714,1.31
4715,2.69
4716,3.98
4717,4.76
4718,5.02
4719,4.91
4720,4.63
4721,4.44
4722,3.94
4723,2.84
4724,2.3
4725,1.9
4726,1.59
4727,1.33
4728,1.01
4729,0.73
4730,0.55
4731,0.5
4732,0.53
4733,0.71
4734,1.31
4735,1.85
4736,2.02
4737,1.74
4738,1.77
4739,2.18
4740,2.57
4741,3.06
4742,3.81
4743,4.46
4744,4.75
4745,4.52
4746,3.17
4747,2.19
4748,1.25
4749,0.3
4750,0.63
4751,1.04
4752,1.27
4753,1.31
4754,1.19
4755,1
4756,0.88
4757,0.81
4758,0.97
4759,0.4
4760,0.96
4761,1.63
4762,2.12
4763,2.51
4764,2.83
4765,3.16
4766,3.52
4767,3.71
4768,3.76
4769,3.33
4770,2.36
4771,1.88
4772,1.18
4773,0.62
4774,0.46
4775,0.34
4776,0.21
4777,0.2
4778,0.19
4779,0.3
4780,0.51
4781,0.53
4782,1.42
4783,2.91
4784,3.32
4785,3.57
4786,3.82
4787,4.07
4788,4.24
4789,4.34
4790,4.34
4791,4.21
4792,3.93
4793,3.24
4794,2.33
4795,2.05
4796,1.76
4797,1.6
4798,1.39
4799,1.23
4800,1.33
4801,1.66
4802,1.9
4803,2
4804,2.07
4805,2.01
4806,2.4
4807,3.6
4808,4.26
4809,4.57
4810,4.81
4811,4.98
4812,5.13
4813,5.34
4814,5.45
4815,5.45
4816,5.33
4817,4.49
4818,2.86
4819,2.6
4820,2.61
4821,2.46
4822,2.14
4823,1.87
4824,1.92
4825,2.16
4826,2.4
4827,2.89
4828,3.7
4829,4
4830,4.56
4831,6.42
4832,7.61
4833,8.21
4834,8.37
4835,8.37
4836,8.39
4837,8.3
4838,8.24
4839,8.19
4840,7.78
4841,6.47
4842,4.36
4843,3.44
4844,3.1
4845,3.02
4846,2.94
4847,2.86
4848,2.68
4849,2.68
4850,2.79
4851,2.97
4852,3.2
4853,3.81
4854,4.93
4855,5.86
4856,6.44
4857,6.9
4858,7.38
4859,7.59
4860,7.62
4861,7.6
4862,7.5
4863,7.34
4864,6.99
4865,5.82
4866,3.67
4867,2.7
4868,2.25
4869,2.05
4870,2.72
4871,2.8
4872,2.63
4873,2.49
4874,2.48
4875,2.8
4876,3.35
4877,4.12
4878,5.15
4879,6.44
4880,6.85
4881,6.31
4882,5.66
4883,5.18
4884,4.95
4885,4.95
4886,5.01
4887,5.03
4888,5.06
4889,4.46
4890,2.78
4891,2.57
4892,2.48
4893,2.42
4894,2.38
4895,2.35
4896,2.19
4897,1.85
4898,1.51
4899,1.22
4900,1.13
4901,1.04
4902,1.63
4903,2.17
4904,2.21
4905,2.08
4906,2.04
4907,2.04
4908,2.34
4909,2.92
4910,3.39
4911,3.86
4912,4.07
4913,3.46
4914,2.03
4915,1.29
4916,1.2
4917,1.32
4918,1.44
4919,1.31
4920,1.25
4921,1.47
4922,1.6
4923,1.63
4924,1.58
4925,1.32
4926,1.35
4927,1.06
4928,1.51
4929,2.11
4930,2.76
4931,3.24
4932,3.64
4933,3.97
4934,4.21
4935,4.21
4936,4.03
4937,3.23
4938,2.01
4939,1.79
4940,1.58
4941,1.27
4942,0.87
4943,0.36
4944,0.35
4945,0.73
4946,0.96
4947,-999
4948,-999
4949,-999
4950,-999
4951,-999
4952,-999
4953,-999
4954,-999
4955,-999
4956,-999
4957,-999
4958,-999
4959,-999
4960,-999
4961,-999
4962,-999
4963,-999
4964,-999
4965,-999
4966,-999
4967,-999
4968,-999
4969,-999
4970,-999
4971,-999
4972,-999
4973,-999
4974,-999
4975,-999
4976,-999
4977,-999
4978,-999
4979,-999
4980,-999
4981,-999
4982,-999
4983,-999
4984,-999
4985,-999
4986,-999
4987,-999
4988,-999
4989,-999
4990,-999
4991,-999
4992,-999
4993,-999
4994,-999
4995,-999
4996,-999
4997,-999
4998,-999
4999,-999
5000,-999
5001,-999
5002,-999
5003,-999
5004,-999
5005,-999
5006,-999
5007,-999
5008,-999
5009,-999
5010,-999
5011,-999
5012,-999
5013,-999
5014,-999
5015,-999
5016,-999
5017,-999
5018,-999
5019,1.95
5020,1.96
5021,2.24
5022,3.07
5023,4.02
5024,4.26
5025,4.03
5026,3.87
5027,3.86
5028,3.86
5029,3.88
5030,3.94
5031,4.03
5032,4.22
5033,4.29
5034,3.16
5035,2.3
5036,1.75
5037,1.16
5038,0.55
5039,0.13
5040,0.32
5041,0.51
5042,0.55
5043,0.54
5044,0.43
5045,0.36
5046,0.83
5047,1.72
5048,2.16
5049,2.54
5050,3.1
5051,3.64
5052,4.16
5053,4.67
5054,5.12
5055,5.32
5056,5.09
5057,4.52
5058,3.05
5059,2.61
5060,2.14
5061,1.61
5062,1.36
5063,1.31
5064,1.31
5065,1.2
5066,1
5067,0.79
5068,0.58
5069,0.48
5070,1.5
5071,2.8
5072,3.38
5073,3.7
5074,4.01
5075,4.3
5076,4.42
5077,4.53
5078,4.56
5079,4.69
5080,4.77
5081,4.44
5082,3.12
5083,2.57
5084,2.14
5085,1.78
5086,1.5
5087,1.21
5088,1.16
5089,1.48
5090,1.78
5091,1.73
5092,1.77
5093,1.83
5094,2.32
5095,2.31
5096,2.89
5097,3.38
5098,3.84
5099,4.44
5100,4.98
5101,5.36
5102,5.62
5103,5.97
5104,6.14
5105,5.76
5106,4.13
5107,2.84
5108,2.59
5109,2.27
5110,2.02
5111,1.89
5112,1.79
5113,1.79
5114,1.97
5115,2.19
5116,2.35
5117,2.94
5118,3.63
5119,3.91
5120,3.8
5121,3.59
5122,3.44
5123,3.44
5124,3.52
5125,3.78
5126,4.29
5127,4.86
5128,5.08
5129,4.85
5130,3.69
5131,2.69
5132,2.06
5133,1.61
5134,1.34
5135,0.96
5136,0.57
5137,0.43
5138,0.29
5139,0.28
5140,0.55
5141,0.91
5142,1.61
5143,1.88
5144,1.74
5145,1.46
5146,1.55
5147,2.05
5148,2.72
5149,3.34
5150,3.94
5151,4.57
5152,5.1
5153,4.84
5154,3.2
5155,2.07
5156,1.6
5157,1.43
5158,1.11
5159,0.99
5160,0.97
5161,0.83
5162,0.8
5163,0.91
5164,1.09
5165,1.34
5166,1.32
5167,1.19
5168,1.24
5169,1.25
5170,1.78
5171,2.66
5172,3.63
5173,4.45
5174,5.05
5175,5.56
5176,5.95
5177,5.98
5178,5.01
5179,3.61
5180,2.53
5181,1.87
5182,1.56
5183,1.51
5184,1.45
5185,1.42
5186,1.37
5187,1.34
5188,1.36
5189,1.72
5190,2.32
5191,2.9
5192,3.11
5193,3.09
5194,3.06
5195,3.09
5196,3.42
5197,3.87
5198,4.15
5199,4.44
5200,4.51
5201,4.17
5202,2.84
5203,2.1
5204,1.55
5205,1.07
5206,0.84
5207,0.81
5208,0.94
5209,1.15
5210,1.24
5211,1.06
5212,0.69
5213,0.37
5214,0.73
5215,2.34
5216,3.2
5217,3.55
5218,3.81
5219,4.04
5220,4.21
5221,4.45
5222,4.59
5223,4.52
5224,4.35
5225,3.72
5226,2.51
5227,2.18
5228,1.66
5229,1.08
5230,0.87
5231,1.28
5232,1.6
5233,1.64
5234,1.51
5235,1.28
5236,1.03
5237,0.72
5238,1.39
5239,2.95
5240,3.66
5241,3.76
5242,3.64
5243,3.62
5244,3.84
5245,4.41
5246,5.14
5247,5.77
5248,5.88
5249,5.03
5250,3.31
5251,2.39
5252,2.06
5253,1.93
5254,1.83
5255,2.08
5256,2.28
5257,2.24
5258,2.19
5259,2.22
5260,2.14
5261,3.06
5262,4.18
5263,4.52
5264,4.39
5265,4.27
5266,3.99
5267,3.44
5268,3.05
5269,3.06
5270,3.33
5271,3.9
5272,4.55
5273,4.77
5274,3.87
5275,2.97
5276,2.9
5277,2.71
5278,2.51
5279,2.32
5280,2.08
5281,1.95
5282,1.95
5283,1.99
5284,2.03
5285,2.63
5286,3.74
5287,3.8
5288,3.43
5289,3
5290,2.52
5291,1.91
5292,1.08
5293,0.54
5294,2.08
5295,3.89
5296,5.07
5297,5.06
5298,4
5299,2.68
5300,1.61
5301,0.66
5302,0.17
5303,0.73
5304,1.09
5305,1.12
5306,0.94
5307,0.65
5308,0.35
5309,0.23
5310,0.67
5311,1.23
5312,1.42
5313,1.5
5314,1.82
5315,2.48
5316,3.29
5317,4.25
5318,5.3
5319,6.13
5320,6.39
5321,6.15
5322,5.42
5323,4.5
5324,4.12
5325,3.76
5326,3.54
5327,3.19
5328,2.85
5329,2.71
5330,2.83
5331,2.85
5332,2.71
5333,3.55
5334,5.23
5335,5.44
5336,5.11
5337,4.72
5338,4.29
5339,4.12
5340,4.25
5341,4.67
5342,5.45
5343,6.38
5344,7.06
5345,7.14
5346,6.55
5347,6.12
5348,6.01
5349,5.45
5350,4.99
5351,4.56
5352,4.24
5353,4.1
5354,4.03
5355,3.93
5356,3.78
5357,4.1
5358,4.83
5359,5.1
5360,5.31
5361,5.43
5362,5.4
5363,5.27
5364,4.99
5365,4.72
5366,4.66
5367,4.73
5368,4.76
5369,4.54
5370,3.34
5371,2.28
5372,1.93
5373,1.71
5374,1.62
5375,1.42
5376,1.13
5377,0.88
5378,0.81
5379,0.8
5380,0.91
5381,1.11
5382,1.67
5383,2.5
5384,2.57
5385,2.33
5386,1.98
5387,1.9
5388,2.14
5389,2.68
5390,3.41
5391,4.02
5392,4.31
5393,4.26
5394,3.04
5395,2.34
5396,1.63
5397,1.03
5398,0.65
5399,0.36
5400,0.83
5401,1.16
5402,1.15
5403,0.92
5404,0.64
5405,0.52
5406,1.37
5407,2.1
5408,2.1
5409,1.85
5410,1.94
5411,2.62
5412,3.49
5413,4.45
5414,5.39
5415,5.93
5416,5.87
5417,5.09
5418,3.31
5419,2.88
5420,2.58
5421,2.33
5422,2.16
5423,2.03
5424,1.92
5425,1.81
5426,1.68
5427,1.57
5428,1.51
5429,1.68
5430,2.69
5431,4.23
5432,4.88
5433,4.83
5434,4.57
5435,4.15
5436,3.77
5437,3.5
5438,3.32
5439,3.39
5440,3.83
5441,4.39
5442,3.73
5443,3.02
5444,2.46
5445,1.79
5446,1.35
5447,1.11
5448,1.13
5449,1.13
5450,1.12
5451,0.95
5452,0.72
5453,0.25
5454,1.59
5455,2.99
5456,3.63
5457,3.86
5458,3.72
5459,3.27
5460,2.72
5461,2.92
5462,4.01
5463,5.02
5464,5.47
5465,5.15
5466,3.71
5467,2.47
5468,1.96
5469,1.34
5470,1.08
5471,1.18
5472,1.29
5473,1.37
5474,1.43
5475,1.35
5476,1.2
5477,1.11
5478,1.7
5479,2.69
5480,3.26
5481,3.54
5482,3.67
5483,3.8
5484,3.9
5485,4.13
5486,4.54
5487,5.18
5488,5.71
5489,5.55
5490,3.96
5491,2.64
5492,2.14
5493,1.56
5494,1.18
5495,0.96
5496,0.95
5497,1.02
5498,1.18
5499,1.37
5500,1.27
5501,1.07
5502,1.18
5503,1.86
5504,2.1
5505,2.11
5506,2.64
5507,3.42
5508,4.01
5509,4.45
5510,4.8
5511,5.11
5512,5.15
5513,4.61
5514,2.93
5515,2.35
5516,1.75
5517,1.42
5518,1.46
5519,1.32
5520,1.2
5521,1.11
5522,1.06
5523,0.95
5524,0.73
5525,0.37
5526,0.61
5527,2.14
5528,3.03
5529,3.41
5530,3.72
5531,3.97
5532,4.21
5533,4.49
5534,4.79
5535,5.16
5536,5.64
5537,5.35
5538,3.42
5539,2.09
5540,1.38
5541,1.23
5542,1.34
5543,1.34
5544,1.12
5545,0.68
5546,0.62
5547,0.94
5548,0.94
5549,0.63
5550,1.23
5551,2.37
5552,2.81
5553,2.47
5554,1.74
5555,1.05
5556,1.96
5557,3.81
5558,5.52
5559,6.86
5560,7.24
5561,6.5
5562,4.46
5563,2.71
5564,1.94
5565,1.5
5566,1.29
5567,1.27
5568,1.46
5569,1.75
5570,1.87
5571,1.82
5572,1.76
5573,1.76
5574,3.11
5575,4.06
5576,3.63
5577,2.56
5578,1.39
5579,0.97
5580,1.85
5581,3.3
5582,4.86
5583,6.13
5584,6.45
5585,5.56
5586,3.6
5587,2.31
5588,1.68
5589,1.11
5590,0.88
5591,1.1
5592,1.29
5593,1.42
5594,1.47
5595,1.39
5596,1.34
5597,1.44
5598,2.21
5599,3.14
5600,3.25
5601,3.06
5602,2.66
5603,2.27
5604,2.38
5605,3.05
5606,3.83
5607,4.6
5608,5.19
5609,5.18
5610,3.85
5611,3.03
5612,3.33
5613,3.54
5614,3.18
5615,2.62
5616,1.91
5617,1.45
5618,1.26
5619,1.13
5620,1.23
5621,1.16
5622,1.87
5623,2.26
5624,2.76
5625,3.05
5626,3.11
5627,3.38
5628,3.88
5629,4.55
5630,5.28
5631,5.84
5632,6.07
5633,5.77
5634,3.86
5635,2.62
5636,1.95
5637,1.41
5638,1.16
5639,1.07
5640,0.98
5641,0.95
5642,0.92
5643,0.76
5644,0.61
5645,0.67
5646,1.35
5647,2.1
5648,2.15
5649,1.85
5650,1.51
5651,1.64
5652,2.5
5653,3.66
5654,4.79
5655,5.61
5656,6.07
5657,5.94
5658,4.36
5659,2.78
5660,1.65
5661,0.91
5662,0.6
5663,0.89
5664,1.19
5665,1.59
5666,1.7
5667,1.74
5668,1.73
5669,2.35
5670,3.33
5671,3.92
5672,4.25
5673,4.31
5674,4.05
5675,3.75
5676,3.73
5677,4.15
5678,5.03
5679,5.87
5680,6.4
5681,6.4
5682,5.5
5683,4.35
5684,3.7
5685,3.16
5686,2.75
5687,2.41
5688,2.17
5689,1.88
5690,1.71
5691,1.56
5692,1.41
5693,1.45
5694,1.42
5695,1.22
5696,0.96
5697,1.1
5698,1.6
5699,2.17
5700,2.82
5701,3.47
5702,4.1
5703,4.94
5704,5.69
5705,5.74
5706,4.22
5707,3.14
5708,2.61
5709,2.3
5710,2.1
5711,1.91
5712,1.78
5713,1.73
5714,1.62
5715,1.53
5716,1.53
5717,1.64
5718,3.29
5719,4.36
5720,4.28
5721,3.95
5722,3.47
5723,3.02
5724,2.81
5725,3.02
5726,3.47
5727,4
5728,4.22
5729,4.07
5730,2.96
5731,2.11
5732,1.29
5733,0.77
5734,0.09
5735,0.89
5736,1.47
5737,1.63
5738,1.56
5739,1.39
5740,1.13
5741,0.83
5742,1.32
5743,2.47
5744,2.8
5745,2.95
5746,3.12
5747,3.44
5748,3.89
5749,4.33
5750,4.74
5751,4.96
5752,4.96
5753,4.36
5754,2.76
5755,2.35
5756,1.88
5757,1.81
5758,2.04
5759,2.21
5760,2.23
5761,2.13
5762,2.1
5763,2.19
5764,2.29
5765,2.44
5766,4.54
5767,5.33
5768,4.89
5769,4.16
5770,3.44
5771,2.81
5772,2.12
5773,1.98
5774,2.6
5775,3.35
5776,4.07
5777,4.56
5778,4.15
5779,3.42
5780,2.69
5781,2.28
5782,2.08
5783,2
5784,1.76
5785,1.64
5786,1.54
5787,1.47
5788,1.47
5789,1.67
5790,2.18
5791,2.06
5792,1.75
5793,1.27
5794,0.69
5795,1.5
5796,2.7
5797,4.17
5798,5.78
5799,6.98
5800,7.25
5801,6.89
5802,6.22
5803,5.69
5804,5.42
5805,5.09
5806,4.64
5807,4.01
5808,3.49
5809,3.34
5810,3.11
5811,2.68
5812,2.38
5813,2.68
5814,4.04
5815,4.81
5816,4.84
5817,4.59
5818,4.31
5819,3.98
5820,3.51
5821,3.05
5822,2.77
5823,2.83
5824,3.25
5825,3.71
5826,2.91
5827,2.76
5828,3.03
5829,3.06
5830,2.97
5831,2.55
5832,2.29
5833,2
5834,1.91
5835,1.9
5836,1.66
5837,1.95
5838,2.64
5839,2.87
5840,2.9
5841,2.88
5842,2.66
5843,2.46
5844,2.88
5845,3.61
5846,4.15
5847,4.4
5848,4.14
5849,3.38
5850,2.15
5851,1.7
5852,1.25
5853,0.74
5854,0.16
5855,0.56
5856,0.88
5857,1.06
5858,1.31
5859,1.31
5860,0.98
5861,0.56
5862,0.25
5863,0.67
5864,1.19
5865,2.07
5866,2.85
5867,3.41
5868,3.8
5869,4.01
5870,4.2
5871,4.27
5872,4.25
5873,4.01
5874,2.5
5875,2.08
5876,1.55
5877,1.08
5878,0.91
5879,0.83
5880,0.61
5881,0.34
5882,0.28
5883,0.43
5884,0.6
5885,0.71
5886,1.23
5887,3.09
5888,4.1
5889,4.76
5890,5.37
5891,5.86
5892,6.1
5893,6.2
5894,6.23
5895,6.14
5896,5.86
5897,4.97
5898,2.96
5899,2.15
5900,1.63
5901,1.37
5902,1.1
5903,0.87
5904,0.81
5905,0.91
5906,0.87
5907,0.75
5908,0.67
5909,0.65
5910,0.73
5911,2.14
5912,3.53
5913,3.83
5914,3.95
5915,4.03
5916,3.98
5917,4.1
5918,4.4
5919,4.71
5920,4.84
5921,3.93
5922,2.58
5923,2.03
5924,1.57
5925,1.26
5926,0.88
5927,0.57
5928,0.68
5929,0.92
5930,1.03
5931,1.1
5932,1.23
5933,1.36
5934,1.52
5935,1.52
5936,0.78
5937,1.19
5938,2.22
5939,2.89
5940,3.17
5941,3.54
5942,4
5943,4.43
5944,4.63
5945,3.82
5946,2.44
5947,1.84
5948,1.1
5949,0.57
5950,0.36
5951,0.72
5952,0.99
5953,0.95
5954,0.92
5955,1.01
5956,1.17
5957,1.39
5958,1.79
5959,1.44
5960,1.71
5961,2.51
5962,3.22
5963,3.89
5964,4.49
5965,5.04
5966,5.36
5967,5.4
5968,5.09
5969,4.13
5970,2.44
5971,1.79
5972,1.51
5973,1.68
5974,2
5975,2.13
5976,2.11
5977,2.03
5978,1.95
5979,1.94
5980,2.18
5981,2.39
5982,2.8
5983,2.61
5984,2.22
5985,1.38
5986,0.27
5987,1.16
5988,2.15
5989,2.82
5990,3.53
5991,4.26
5992,5.02
5993,5.31
5994,4.29
5995,3.17
5996,2.31
5997,2.01
5998,1.98
5999,2.06
6000,2.18
6001,2.09
6002,1.5
6003,0.84
6004,0.65
6005,0.72
6006,1.01
6007,1.16
6008,0.67
6009,0.63
6010,1.88
6011,3.23
6012,3.9
6013,3.83
6014,3.63
6015,3.75
6016,3.84
6017,3.69
6018,2.62
6019,1.22
6020,0.25
6021,0.66
6022,1.24
6023,1.65
6024,1.65
6025,1.15
6026,0.76
6027,0.97
6028,1.46
6029,1.79
6030,2.24
6031,3.14
6032,4.7
6033,5.36
6034,5.44
6035,5.3
6036,4.97
6037,4.55
6038,3.99
6039,3.41
6040,3.12
6041,3.23
6042,3.13
6043,2.63
6044,1.76
6045,1.17
6046,0.62
6047,0.4
6048,0.89
6049,1.18
6050,1.15
6051,0.88
6052,0.48
6053,0.68
6054,1.45
6055,2.34
6056,3.11
6057,3.41
6058,3.74
6059,4.36
6060,5.04
6061,5.57
6062,5.97
6063,6.31
6064,6.61
6065,6.16
6066,3.72
6067,2.55
6068,1.97
6069,1.47
6070,1.09
6071,0.81
6072,0.75
6073,0.97
6074,1.27
6075,1.42
6076,1.36
6077,1.23
6078,1.62
6079,3.12
6080,4.41
6081,5.08
6082,5.29
6083,5.38
6084,5.59
6085,5.9
6086,6.1
6087,6.19
6088,6.26
6089,6.01
6090,4.52
6091,4.01
6092,3.41
6093,2.67
6094,2.06
6095,1.78
6096,1.69
6097,1.64
6098,1.6
6099,1.68
6100,1.61
6101,1.66
6102,2.7
6103,4.58
6104,5.89
6105,6.41
6106,6.2
6107,5.71
6108,5.47
6109,5.49
6110,5.47
6111,5.43
6112,5.34
6113,4.86
6114,3.92
6115,4.13
6116,4.11
6117,3.73
6118,3.22
6119,2.17
6120,1.57
6121,1.39
6122,1.27
6123,1.21
6124,1.14
6125,1.12
6126,1.34
6127,1.43
6128,1.52
6129,1.72
6130,2.14
6131,2.85
6132,3.67
6133,4.36
6134,4.9
6135,5.18
6136,5.19
6137,4.84
6138,3.51
6139,2.69
6140,1.74
6141,1.32
6142,1.05
6143,0.59
6144,0.25
6145,0.38
6146,0.52
6147,0.45
6148,0.23
6149,0.36
6150,0.91
6151,1.68
6152,2.29
6153,2.88
6154,3.37
6155,3.71
6156,4.16
6157,4.77
6158,5.37
6159,5.84
6160,6.1
6161,5.93
6162,3.83
6163,2.67
6164,1.83
6165,1.5
6166,1.28
6167,1.1
6168,1.04
6169,1.09
6170,1.12
6171,1.07
6172,1.06
6173,1.04
6174,0.91
6175,1.89
6176,2.88
6177,3.19
6178,3.1
6179,2.83
6180,2.45
6181,2.6
6182,3.47
6183,4.57
6184,5.42
6185,5.32
6186,3.71
6187,2.31
6188,1.43
6189,0.93
6190,0.74
6191,0.92
6192,1.16
6193,1.28
6194,1.4
6195,1.51
6196,1.63
6197,1.73
6198,1.81
6199,2.61
6200,3.44
6201,3.27
6202,2.9
6203,2.58
6204,2.19
6205,2.02
6206,2.35
6207,3.11
6208,3.91
6209,4.17
6210,3.38
6211,2.24
6212,1.25
6213,0.57
6214,0.61
6215,0.95
6216,1.21
6217,1.42
6218,1.62
6219,1.65
6220,1.53
6221,1.37
6222,1.05
6223,1.05
6224,1.68
6225,2.35
6226,2.9
6227,3.24
6228,3.33
6229,3.36
6230,3.58
6231,4.03
6232,4.44
6233,4.15
6234,3.16
6235,2.14
6236,1.4
6237,0.83
6238,0.49
6239,0.73
6240,0.81
6241,0.8
6242,0.88
6243,1.01
6244,1.06
6245,0.98
6246,0.89
6247,0.99
6248,1.06
6249,1.05
6250,1.13
6251,1.62
6252,2.31
6253,3.14
6254,4.19
6255,5
6256,5.54
6257,4.44
6258,2.01
6259,1.35
6260,0.98
6261,0.54
6262,0.66
6263,1.23
6264,1.47
6265,1.36
6266,1.09
6267,0.85
6268,0.75
6269,0.88
6270,1.84
6271,2.98
6272,3.24
6273,2.97
6274,2.92
6275,3.27
6276,4.08
6277,4.95
6278,5.79
6279,6.55
6280,7.02
6281,6.35
6282,4.58
6283,4
6284,3.69
6285,3.35
6286,3.01
6287,2.69
6288,2.24
6289,1.98
6290,2.12
6291,2.28
6292,2.39
6293,2.41
6294,3.1
6295,4.55
6296,5.19
6297,5.36
6298,5.42
6299,5.45
6300,5.67
6301,5.98
6302,6.29
6303,6.63
6304,7.05
6305,7.24
6306,6.62
6307,6.14
6308,5.59
6309,4.99
6310,4.48
6311,4.05
6312,3.34
6313,2.76
6314,2.57
6315,2.59
6316,2.58
6317,2.6
6318,3.88
6319,4.96
6320,5.01
6321,4.9
6322,4.7
6323,4.42
6324,4.09
6325,3.9
6326,3.85
6327,3.84
6328,3.95
6329,4.14
6330,3.44
6331,3.13
6332,2.72
6333,2.16
6334,1.8
6335,1.54
6336,1.4
6337,1.5
6338,1.62
6339,1.56
6340,1.52
6341,1.57
6342,2.62
6343,2.73
6344,1.93
6345,1.52
6346,1.71
6347,2.45
6348,3.29
6349,3.88
6350,4.53
6351,5.12
6352,5.34
6353,5.12
6354,3.79
6355,2.77
6356,1.87
6357,1.52
6358,1.26
6359,0.8
6360,0.63
6361,1.13
6362,1.37
6363,1.25
6364,1.06
6365,1.04
6366,1.4
6367,1.75
6368,1.89
6369,1.38
6370,0.55
6371,0.71
6372,2.26
6373,3.99
6374,5.47
6375,6.04
6376,5.75
6377,4.82
6378,2.81
6379,2.11
6380,1.36
6381,0.81
6382,0.77
6383,0.66
6384,0.11
6385,0.72
6386,1.19
6387,1.37
6388,1.47
6389,1.54
6390,1.42
6391,0.79
6392,0.85
6393,1.9
6394,2.8
6395,3.44
6396,3.71
6397,3.91
6398,4.34
6399,4.64
6400,4.76
6401,4.49
6402,2.66
6403,2.14
6404,1.7
6405,1.34
6406,0.86
6407,0.3
6408,0.4
6409,0.88
6410,1.07
6411,1.06
6412,1.05
6413,1.1
6414,1.19
6415,1.08
6416,1.13
6417,1.65
6418,2.25
6419,2.91
6420,3.49
6421,4.04
6422,4.55
6423,4.77
6424,4.74
6425,4.34
6426,3.88
6427,3.14
6428,2.27
6429,1.64
6430,1.12
6431,1
6432,1.39
6433,1.77
6434,1.8
6435,1.57
6436,1.18
6437,0.81
6438,0.77
6439,1.25
6440,2.14
6441,2.93
6442,3.66
6443,4.35
6444,4.85
6445,5.14
6446,5.34
6447,5.32
6448,5.11
6449,3.94
6450,2.43
6451,1.88
6452,1.58
6453,1.35
6454,1.24
6455,1.12
6456,0.97
6457,0.86
6458,0.95
6459,1.16
6460,1.18
6461,1.16
6462,1.69
6463,2.86
6464,3.9
6465,4.72
6466,5.14
6467,5.33
6468,5.32
6469,5.22
6470,5.25
6471,5.51
6472,5.81
6473,5.37
6474,3.55
6475,3.04
6476,2.7
6477,2.39
6478,2.19
6479,1.7
6480,1.5
6481,1.31
6482,1.1
6483,0.91
6484,0.79
6485,0.84
6486,1.09
6487,2.9
6488,4.85
6489,5.81
6490,5.84
6491,5.4
6492,4.92
6493,4.6
6494,4.5
6495,4.64
6496,5.08
6497,5.23
6498,4.17
6499,3.76
6500,3.44
6501,2.94
6502,2.36
6503,2.04
6504,1.74
6505,1.39
6506,1.22
6507,1.89
6508,2.66
6509,2.89
6510,3.35
6511,3.44
6512,3.15
6513,3.76
6514,4.64
6515,5.05
6516,5.29
6517,5.37
6518,5.37
6519,5.53
6520,5.68
6521,5.61
6522,5.02
6523,5
6524,4.44
6525,3.59
6526,2.91
6527,2.45
6528,2.1
6529,1.59
6530,0.99
6531,0.6
6532,0.23
6533,0.29
6534,0.71
6535,0.94
6536,0.64
6537,0.87
6538,1.97
6539,3.06
6540,3.66
6541,3.71
6542,3.69
6543,3.78
6544,4.03
6545,4.05
6546,3.19
6547,2.34
6548,1.52
6549,1.15
6550,1.01
6551,0.93
6552,1.16
6553,1.24
6554,0.92
6555,0.67
6556,0.68
6557,0.49
6558,0.42
6559,1.2
6560,1.41
6561,1.4
6562,2.45
6563,3.76
6564,4.61
6565,5.06
6566,5.28
6567,5.11
6568,4.8
6569,4.32
6570,3.41
6571,2.85
6572,2.28
6573,2.22
6574,2.47
6575,2.2
6576,1.97
6577,2.18
6578,2.36
6579,2.3
6580,2.09
6581,1.95
6582,2.63
6583,2.96
6584,3.08
6585,3.69
6586,4.24
6587,4.56
6588,4.66
6589,4.75
6590,4.84
6591,4.88
6592,4.91
6593,4.47
6594,3.78
6595,3.77
6596,3.54
6597,3.37
6598,3.18
6599,2.89
6600,2.7
6601,2.58
6602,2.43
6603,2.38
6604,2.43
6605,2.51
6606,3.29
6607,3.97
6608,4.07
6609,4.19
6610,4.12
6611,3.6
6612,2.76
6613,2.09
6614,1.95
6615,2.49
6616,2.93
6617,2.22
6618,2.05
6619,2.13
6620,2.44
6621,2.44
6622,2.27
6623,1.95
6624,1.73
6625,1.49
6626,1.45
6627,1.59
6628,1.92
6629,2.33
6630,2.86
6631,3.55
6632,3.11
6633,2.03
6634,1.09
6635,1.21
6636,2.36
6637,3.47
6638,3.72
6639,3.32
6640,2.63
6641,2.05
6642,1.81
6643,1.88
6644,1.51
6645,1.56
6646,1.56
6647,1.54
6648,1.53
6649,1.59
6650,1.64
6651,1.61
6652,1.54
6653,1.42
6654,1.14
6655,1.34
6656,1.69
6657,1.84
6658,1.83
6659,1.76
6660,2.02
6661,2.37
6662,2.39
6663,2.21
6664,2.2
6665,1.96
6666,1.97
6667,1.88
6668,1.88
6669,1.82
6670,1.6
6671,1.27
6672,1.09
6673,1.16
6674,1.28
6675,1.37
6676,1.43
6677,1.56
6678,1.61
6679,2.06
6680,1.78
6681,1.75
6682,1.67
6683,1.63
6684,1.81
6685,1.98
6686,2.08
6687,2.25
6688,2.58
6689,2.19
6690,1.48
6691,0.84
6692,0.18
6693,0.86
6694,1.42
6695,1.62
6696,1.76
6697,1.96
6698,2.08
6699,2.13
6700,2.15
6701,2.21
6702,2.16
6703,2.77
6704,3.72
6705,4.09
6706,4.13
6707,4.25
6708,4.24
6709,3.87
6710,3.5
6711,3.34
6712,2.7
6713,1.49
6714,1.33
6715,1.61
6716,2.24
6717,2.66
6718,2.81
6719,2.89
6720,2.93
6721,3.03
6722,3.13
6723,3.29
6724,3.37
6725,3.46
6726,3.31
6727,4.45
6728,5.83
6729,6.79
6730,6.95
6731,6.98
6732,7.09
6733,7.17
6734,7
6735,6.49
6736,5.43
6737,2.91
6738,2.49
6739,2.32
6740,1.76
6741,1.4
6742,1.13
6743,0.96
6744,1.02
6745,1.38
6746,1.6
6747,1.67
6748,1.64
6749,1.6
6750,1.79
6751,2.49
6752,2.67
6753,2.71
6754,2.63
6755,2.7
6756,3
6757,3.89
6758,4.9
6759,5.52
6760,5.5
6761,4.78
6762,3.32
6763,2.49
6764,2.18
6765,2.6
6766,2.71
6767,2.6
6768,2.41
6769,2.31
6770,2.32
6771,2.51
6772,2.48
6773,2.46
6774,3.07
6775,4.01
6776,4.16
6777,4.15
6778,4.06
6779,3.86
6780,3.64
6781,3.52
6782,3.62
6783,3.99
6784,4.38
6785,4.03
6786,3.62
6787,3.72
6788,3.48
6789,3.19
6790,3.05
6791,2.82
6792,2.7
6793,2.54
6794,2.32
6795,2.19
6796,2.13
6797,2.07
6798,2.72
6799,3.52
6800,3.95
6801,4.5
6802,4.89
6803,5.15
6804,5.13
6805,4.86
6806,4.62
6807,4.55
6808,4.57
6809,4.3
6810,3.94
6811,3.82
6812,3.71
6813,3.53
6814,3.21
6815,2.96
6816,2.77
6817,2.86
6818,3.51
6819,3.99
6820,4.08
6821,3.7
6822,3.47
6823,4.34
6824,5.11
6825,5.8
6826,6.28
6827,6.58
6828,6.7
6829,6.65
6830,6.5
6831,6.26
6832,5.8
6833,4.53
6834,3.5
6835,3.22
6836,2.71
6837,2.59
6838,2.3
6839,1.86
6840,1.69
6841,1.46
6842,1.16
6843,1.04
6844,1.07
6845,1.27
6846,1.67
6847,2.77
6848,4.12
6849,4.88
6850,5.26
6851,5.35
6852,5.35
6853,5.17
6854,4.9
6855,4.63
6856,4.32
6857,2.77
6858,2.59
6859,2.36
6860,2.24
6861,2.23
6862,2.32
6863,2.42
6864,2.43
6865,2.45
6866,2.47
6867,2.52
6868,2.64
6869,2.75
6870,2.95
6871,4.24
6872,4.01
6873,3.02
6874,1.89
6875,0.97
6876,0.44
6877,0.94
6878,1.62
6879,2.3
6880,2.84
6881,2.29
6882,1.89
6883,1.04
6884,0.56
6885,1.14
6886,1.62
6887,1.95
6888,2.21
6889,2.48
6890,2.75
6891,2.91
6892,2.99
6893,2.98
6894,2.72
6895,3.43
6896,3.83
6897,4.96
6898,5.52
6899,5.75
6900,5.55
6901,4.95
6902,4.27
6903,3.6
6904,2
6905,0.82
6906,1.44
6907,2.42
6908,2.9
6909,3.13
6910,3.37
6911,3.62
6912,3.91
6913,4.31
6914,4.27
6915,4.01
6916,3.74
6917,3.63
6918,3.8
6919,5.45
6920,7.12
6921,8.94
6922,9.69
6923,9.93
6924,9.83
6925,9.72
6926,9.55
6927,9.07
6928,7.38
6929,4.2
6930,2.92
6931,2.61
6932,2.47
6933,2.82
6934,3.22
6935,3.03
6936,2.45
6937,1.67
6938,1.08
6939,1.51
6940,1.82
6941,1.89
6942,1.66
6943,1.6
6944,2.28
6945,3.11
6946,3.55
6947,3.92
6948,4.23
6949,4.42
6950,4.45
6951,4.27
6952,3.65
6953,1.89
6954,1.1
6955,0.2
6956,0.48
6957,0.69
6958,0.82
6959,1.03
6960,1.13
6961,1.05
6962,0.89
6963,0.72
6964,0.72
6965,0.76
6966,0.72
6967,0.53
6968,1.63
6969,2.6
6970,3.5
6971,4.23
6972,4.52
6973,4.43
6974,4.28
6975,4.18
6976,4.18
6977,3.03
6978,2.65
6979,2.11
6980,1.74
6981,1.53
6982,1.25
6983,0.97
6984,0.77
6985,0.67
6986,0.64
6987,0.7
6988,0.81
6989,1.03
6990,1.22
6991,1.71
6992,1.69
6993,2.18
6994,2.92
6995,3.59
6996,4.11
6997,4.42
6998,4.64
6999,4.64
7000,4.36
7001,2.63
7002,2
7003,1.29
7004,0.56
7005,0.02
7006,0.49
7007,0.81
7008,0.95
7009,0.99
7010,1.05
7011,1.13
7012,1.28
7013,1.51
7014,1.56
7015,1.74
7016,0.82
7017,1.63
7018,2.46
7019,3.09
7020,3.45
7021,3.52
7022,3.46
7023,3.28
7024,2.89
7025,2.18
7026,1.71
7027,0.77
7028,0.71
7029,1.18
7030,1.47
7031,1.68
7032,1.91
7033,2.12
7034,2.32
7035,2.5
7036,2.66
7037,2.81
7038,2.85
7039,2.95
7040,2.82
7041,2.3
7042,2.41
7043,2.67
7044,2.81
7045,2.89
7046,2.99
7047,3.1
7048,2.31
7049,2.05
7050,1.47
7051,0.71
7052,0.68
7053,0.88
7054,1.28
7055,1.86
7056,2.4
7057,2.74
7058,2.85
7059,2.85
7060,2.78
7061,2.68
7062,2.54
7063,2.42
7064,2.55
7065,2.62
7066,3.37
7067,3.93
7068,4.1
7069,3.83
7070,3.5
7071,3.39
7072,2.11
7073,1.36
7074,0.45
7075,0.75
7076,1.87
7077,3.69
7078,4.47
7079,2.26
7080,1
7081,1.68
7082,1.73
7083,1.82
7084,2.29
7085,2.52
7086,2.32
7087,2.53
7088,2.25
7089,3.36
7090,4.31
7091,4.98
7092,5.55
7093,6.14
7094,6.53
7095,6.52
7096,5.45
7097,2.79
7098,2.1
7099,1.2
7100,0.86
7101,1.62
7102,2.34
7103,2.8
7104,3.13
7105,3.39
7106,3.6
7107,3.71
7108,3.75
7109,3.73
7110,3.54
7111,4.11
7112,3.68
7113,3.93
7114,4.14
7115,4.17
7116,4.11
7117,3.95
7118,3.79
7119,3.74
7120,2.34
7121,1.84
7122,1.43
7123,1.78
7124,2.2
7125,2.45
7126,2.65
7127,2.77
7128,2.83
7129,2.87
7130,2.83
7131,2.85
7132,2.89
7133,3.02
7134,3
7135,3.37
7136,3.59
7137,3.94
7138,4.28
7139,4.36
7140,4.23
7141,3.94
7142,3.57
7143,3.29
7144,2.94
7145,2.89
7146,2.66
7147,2.1
7148,1.46
7149,1.2
7150,0.87
7151,0.35
7152,0.22
7153,0.84
7154,1.39
7155,1.82
7156,1.73
7157,1.94
7158,2.6
7159,4.04
7160,4.68
7161,4.4
7162,4.15
7163,4.17
7164,4.24
7165,4.06
7166,3.16
7167,2.04
7168,1.71
7169,1.55
7170,1.33
7171,1.28
7172,1.19
7173,1.19
7174,1.16
7175,0.87
7176,0.4
7177,0.15
7178,0.28
7179,0.28
7180,0.18
7181,0.21
7182,0.3
7183,0.51
7184,0.85
7185,1.81
7186,2.69
7187,3.37
7188,3.6
7189,3.51
7190,3.41
7191,3.27
7192,2.88
7193,2.21
7194,1.81
7195,1.46
7196,1.18
7197,0.98
7198,0.88
7199,0.73
7200,0.27
7201,0.59
7202,0.94
7203,1.1
7204,0.94
7205,0.65
7206,0.18
7207,0.64
7208,0.95
7209,2.47
7210,2.58
7211,3.22
7212,3.72
7213,3.54
7214,2.82
7215,2.09
7216,2.01
7217,1.54
7218,1.2
7219,0.77
7220,0.64
7221,0.56
7222,0.42
7223,0.2
7224,0.62
7225,0.84
7226,0.73
7227,0.6
7228,0.54
7229,0.53
7230,0.82
7231,1.22
7232,0.93
7233,1.01
7234,1.77
7235,2.35
7236,2.81
7237,2.92
7238,2.63
7239,2.11
7240,1.46
7241,1.26
7242,1.05
7243,1.12
7244,1.07
7245,0.75
7246,0.66
7247,0.85
7248,0.93
7249,0.79
7250,0.58
7251,0.56
7252,0.81
7253,1.28
7254,1.6
7255,2.44
7256,1.96
7257,2.72
7258,3.36
7259,3.26
7260,2.89
7261,2.64
7262,2.33
7263,1.77
7264,0.92
7265,0.23
7266,0.6
7267,1.05
7268,1.17
7269,1.24
7270,1.47
7271,1.85
7272,2.04
7273,2.01
7274,2.21
7275,2.47
7276,2.67
7277,2.83
7278,2.95
7279,3.33
7280,4.42
7281,5.01
7282,6.21
7283,6.69
7284,6.67
7285,6.74
7286,6.58
7287,5.85
7288,3.99
7289,3.09
7290,3.18
7291,3.65
7292,4.34
7293,4.85
7294,5.17
7295,5.55
7296,5.46
7297,5.04
7298,5.24
7299,5.85
7300,6.09
7301,5.7
7302,5.26
7303,5.11
7304,4.86
7305,6.53
7306,7.43
7307,7.74
7308,7.66
7309,7.12
7310,5.73
7311,3.82
7312,1.9
7313,0.96
7314,0.47
7315,0.78
7316,1.05
7317,1.29
7318,1.48
7319,1.75
7320,1.93
7321,1.87
7322,1.95
7323,2.24
7324,2.47
7325,2.64
7326,2.85
7327,3.68
7328,5.41
7329,6.09
7330,6.04
7331,6.16
7332,6.49
7333,6.73
7334,6.96
7335,7.05
7336,5.58
7337,3.67
7338,3.36
7339,3.53
7340,3.47
7341,3.15
7342,2.67
7343,2.36
7344,2.11
7345,1.79
7346,1.41
7347,1.03
7348,0.66
7349,0.61
7350,0.98
7351,1.72
7352,2.98
7353,4.19
7354,4.56
7355,4.57
7356,4.45
7357,4.45
7358,4.28
7359,3.67
7360,2.55
7361,2.25
7362,1.99
7363,1.66
7364,1.7
7365,1.69
7366,1.52
7367,1.34
7368,1.33
7369,1.46
7370,1.59
7371,1.77
7372,1.98
7373,2.03
7374,2.03
7375,2.43
7376,3.19
7377,2.99
7378,2.12
7379,1.85
7380,3.28
7381,5.06
7382,5.95
7383,5.39
7384,4.23
7385,2.44
7386,1.6
7387,1.26
7388,1.18
7389,1.28
7390,1.37
7391,1.46
7392,1.46
7393,1.46
7394,1.7
7395,1.84
7396,2.2
7397,2.95
7398,3.22
7399,4.29
7400,4.79
7401,4.78
7402,4.87
7403,5.02
7404,5.09
7405,5.33
7406,5.7
7407,5.91
7408,5.61
7409,4.98
7410,5.12
7411,5.52
7412,5.67
7413,6.04
7414,6.13
7415,5.99
7416,5.85
7417,5.77
7418,5.64
7419,5.43
7420,5.24
7421,4.83
7422,4.76
7423,5.26
7424,5.9
7425,6.5
7426,6.07
7427,5.41
7428,4.88
7429,4.6
7430,4.44
7431,4.33
7432,3.35
7433,2.37
7434,1.8
7435,1.56
7436,1.23
7437,1.16
7438,1.09
7439,0.94
7440,0.59
7441,0.34
7442,0.47
7443,0.66
7444,0.79
7445,1.03
7446,1.08
7447,1.04
7448,2.26
7449,3.23
7450,3.64
7451,3.99
7452,4.4
7453,4.68
7454,4.57
7455,4.15
7456,3.16
7457,2.12
7458,1.97
7459,1.87
7460,1.82
7461,1.72
7462,1.68
7463,1.81
7464,1.79
7465,1.69
7466,1.65
7467,1.77
7468,1.92
7469,2.03
7470,2.22
7471,2.55
7472,2.34
7473,2.26
7474,3.04
7475,3.46
7476,3.64
7477,3.65
7478,3.48
7479,3.02
7480,1.58
7481,0.89
7482,1.16
7483,2.12
7484,2.65
7485,2.85
7486,2.93
7487,3.02
7488,3.09
7489,3.13
7490,3.13
7491,3.07
7492,2.9
7493,2.69
7494,2.52
7495,2.3
7496,2.28
7497,2.78
7498,3.39
7499,4.1
7500,4.55
7501,4.52
7502,4.12
7503,3.18
7504,2.38
7505,2.93
7506,2.8
7507,2.24
7508,1.91
7509,1.99
7510,1.81
7511,1.64
7512,1.5
7513,1.32
7514,1.15
7515,1.13
7516,1.05
7517,1.14
7518,1.15
7519,1.54
7520,1.4
7521,0.62
7522,0.83
7523,1.36
7524,1.9
7525,2.4
7526,2.71
7527,2.9
7528,2.81
7529,2.2
7530,1.84
7531,1.76
7532,1.63
7533,1.45
7534,1.38
7535,1.55
7536,1.75
7537,1.55
7538,1.06
7539,1.03
7540,1.12
7541,1.27
7542,1.3
7543,1.24
7544,0.45
7545,1.19
7546,2.11
7547,2.66
7548,2.91
7549,3.01
7550,3.02
7551,3.07
7552,2.82
7553,2.46
7554,2.15
7555,1.74
7556,1.38
7557,1.02
7558,0.74
7559,0.72
7560,1.17
7561,1.56
7562,1.89
7563,1.86
7564,1.94
7565,1.84
7566,1.77
7567,1.59
7568,0.97
7569,0.86
7570,1.74
7571,2.11
7572,2.23
7573,2.18
7574,2.17
7575,2.41
7576,2.56
7577,2.51
7578,2.16
7579,1.86
7580,1.79
7581,1.85
7582,1.8
7583,1.75
7584,1.8
7585,1.91
7586,2.1
7587,2.12
7588,1.8
7589,1.5
7590,1.21
7591,1.01
7592,1.19
7593,1.26
7594,0.76
7595,0.54
7596,1.41
7597,2.32
7598,3.01
7599,3.64
7600,3.62
7601,3.5
7602,3.06
7603,2.56
7604,2.11
7605,1.96
7606,1.75
7607,1.56
7608,1.63
7609,1.68
7610,1.59
7611,1.44
7612,1.29
7613,1.18
7614,1.27
7615,1.5
7616,1.88
7617,1.7
7618,1.76
7619,2.33
7620,2.67
7621,2.57
7622,2.33
7623,2.15
7624,1.75
7625,1.53
7626,0.94
7627,0.08
7628,1.05
7629,1.56
7630,1.82
7631,2.05
7632,2.25
7633,2.4
7634,2.45
7635,2.47
7636,2.48
7637,2.46
7638,2.51
7639,2.26
7640,2.62
7641,1.51
7642,1.93
7643,2.33
7644,2.43
7645,2.31
7646,1.86
7647,1.26
7648,1.05
7649,0.71
7650,0.42
7651,1.29
7652,1.75
7653,1.97
7654,2.2
7655,2.44
7656,2.64
7657,2.69
7658,2.74
7659,2.83
7660,2.98
7661,3.15
7662,3.3
7663,3.34
7664,4.86
7665,5.43
7666,5.64
7667,5.76
7668,5.88
7669,5.85
7670,5.66
7671,5.01
7672,2.86
7673,2.92
7674,3.11
7675,3.43
7676,3.73
7677,4
7678,4.37
7679,4.76
7680,5.01
7681,5.13
7682,5.24
7683,5.23
7684,4.16
7685,4.07
7686,4.4
7687,4.44
7688,4.9
7689,4.2
7690,3.68
7691,3.57
7692,3.16
7693,3.06
7694,3.33
7695,3.02
7696,2.02
7697,2.11
7698,2.17
7699,2.13
7700,2.06
7701,1.86
7702,1.51
7703,1.11
7704,2.06
7705,2.88
7706,2.7
7707,3.05
7708,3.55
7709,3.78
7710,3.72
7711,3.88
7712,4.07
7713,4.18
7714,4.2
7715,3.76
7716,3.11
7717,2.7
7718,2.29
7719,1.66
7720,0.97
7721,0.63
7722,1.36
7723,2.45
7724,3.37
7725,3.83
7726,4.1
7727,4.97
7728,5.82
7729,6.1
7730,6.3
7731,6.44
7732,6.44
7733,6.39
7734,6.21
7735,7.02
7736,7.65
7737,9.11
7738,9.36
7739,8.93
7740,8.57
7741,8.25
7742,7.49
7743,5.55
7744,2.26
7745,1.7
7746,2.15
7747,2.54
7748,2.51
7749,2.33
7750,2.06
7751,1.96
7752,2.24
7753,2.47
7754,2.23
7755,1.56
7756,1.2
7757,1.03
7758,1.2
7759,1.56
7760,1.46
7761,0.51
7762,0.78
7763,1.47
7764,2.02
7765,2.44
7766,2.76
7767,3.03
7768,2.65
7769,1.96
7770,1.33
7771,0.95
7772,0.94
7773,0.95
7774,0.65
7775,0.28
7776,0.11
7777,0.23
7778,0.25
7779,0.31
7780,0.45
7781,0.66
7782,0.88
7783,1.09
7784,1.48
7785,1.75
7786,2.14
7787,2.54
7788,2.9
7789,3.22
7790,3.52
7791,3.69
7792,3.11
7793,2.47
7794,2.09
7795,1.84
7796,1.74
7797,1.46
7798,1.17
7799,1.02
7800,0.88
7801,0.77
7802,0.71
7803,0.93
7804,1.16
7805,1.49
7806,1.64
7807,1.84
7808,1.78
7809,1.37
7810,1.16
7811,1.26
7812,1.82
7813,2.36
7814,2.9
7815,3.4
7816,3.41
7817,3.34
7818,2.93
7819,2.39
7820,2.01
7821,1.74
7822,1.64
7823,1.29
7824,1.11
7825,1.2
7826,1.29
7827,1.23
7828,1.25
7829,1.41
7830,1.58
7831,1.93
7832,2.29
7833,2.2
7834,1.93
7835,1.49
7836,1.02
7837,1.06
7838,1.73
7839,2.62
7840,3.09
7841,3.24
7842,2.88
7843,2.41
7844,1.84
7845,1.45
7846,1.27
7847,0.91
7848,0.49
7849,0.51
7850,0.62
7851,0.89
7852,1.22
7853,1.66
7854,1.86
7855,2.76
7856,2.75
7857,2.31
7858,2.29
7859,2.67
7860,2.8
7861,2.68
7862,2.4
7863,1.67
7864,1.39
7865,1.47
7866,1.14
7867,0.82
7868,0.8
7869,1.22
7870,1.66
7871,1.75
7872,1.72
7873,1.77
7874,1.94
7875,2.09
7876,2.27
7877,2.45
7878,2.38
7879,2.02
7880,1.75
7881,1.07
7882,1.41
7883,1.8
7884,2.1
7885,1.97
7886,1.27
7887,0.96
7888,0.15
7889,1.36
7890,1.91
7891,2.11
7892,2.35
7893,2.34
7894,2.23
7895,1.9
7896,1.56
7897,0.9
7898,0.69
7899,0.61
7900,0.5
7901,0.47
7902,0.02
7903,0.77
7904,1.97
7905,2.84
7906,3.33
7907,3.83
7908,3.93
7909,3.48
7910,3.39
7911,3.36
7912,2.98
7913,2.28
7914,2.08
7915,2.26
7916,2.4
7917,2.54
7918,2.54
7919,2.5
7920,2.41
7921,2.31
7922,2.2
7923,2.17
7924,2.21
7925,2.32
7926,2.38
7927,2.74
7928,3.8
7929,4.18
7930,3.9
7931,3.37
7932,2.77
7933,2.19
7934,1.87
7935,1.85
7936,1.64
7937,1.51
7938,1.16
7939,0.79
7940,0.31
7941,0.17
7942,0.44
7943,0.58
7944,0.66
7945,0.61
7946,0.54
7947,0.63
7948,0.97
7949,1.34
7950,1.67
7951,2.31
7952,2.32
7953,1.84
7954,2.04
7955,2.53
7956,2.72
7957,2.6
7958,2.31
7959,1.81
7960,1.17
7961,0.87
7962,0.47
7963,1.02
7964,1.64
7965,2.09
7966,2.32
7967,2.49
7968,2.75
7969,3.03
7970,3.24
7971,3.35
7972,3.41
7973,3.45
7974,3.45
7975,3.11
7976,3.89
7977,3.38
7978,3.6
7979,3.75
7980,3.85
7981,3.87
7982,3.65
7983,2.4
7984,1.5
7985,1.46
7986,2.24
7987,2.94
7988,3.3
7989,3.59
7990,3.89
7991,4.18
7992,4.41
7993,4.52
7994,4.61
7995,4.79
7996,5.05
7997,5.32
7998,5.58
7999,6.43
8000,6.85
8001,7.09
8002,7.53
8003,7.66
8004,7.61
8005,7.36
8006,6.94
8007,5.82
8008,3.76
8009,3.8
8010,3.78
8011,3.73
8012,3.82
8013,4.12
8014,4.29
8015,3.93
8016,3.2
8017,2.21
8018,1.59
8019,1.14
8020,0.81
8021,1.28
8022,1.93
8023,2.73
8024,3.24
8025,3.33
8026,3.79
8027,4.18
8028,4.2
8029,3.93
8030,3.41
8031,2.35
8032,0.79
8033,0.38
8034,1.16
8035,1.72
8036,2.04
8037,2.18
8038,2.22
8039,2.32
8040,2.46
8041,2.5
8042,2.43
8043,2.42
8044,2.59
8045,2.9
8046,3.12
8047,3.6
8048,4.17
8049,4.4
8050,4.9
8051,5.02
8052,4.89
8053,4.64
8054,4.29
8055,3.09
8056,1.76
8057,2.24
8058,2.88
8059,3.29
8060,3.48
8061,3.66
8062,3.82
8063,4.03
8064,4.21
8065,4.24
8066,4.15
8067,4.03
8068,3.92
8069,3.88
8070,3.91
8071,4.13
8072,5.58
8073,6.2
8074,6.07
8075,5.63
8076,5.49
8077,5.34
8078,4.89
8079,3.29
8080,1.82
8081,1.64
8082,1.81
8083,2.1
8084,2.39
8085,2.57
8086,2.57
8087,2.58
8088,2.46
8089,2.3
8090,2.1
8091,1.91
8092,1.72
8093,1.72
8094,1.7
8095,1.97
8096,2.09
8097,2.06
8098,1.88
8099,1.62
8100,1.34
8101,1.29
8102,1.47
8103,1.44
8104,0.82
8105,0.74
8106,0.93
8107,1.44
8108,1.88
8109,2.17
8110,2.34
8111,2.51
8112,2.69
8113,2.88
8114,2.97
8115,3.01
8116,3.25
8117,3.51
8118,3.61
8119,4.37
8120,5.08
8121,4.91
8122,4.82
8123,4.93
8124,5.12
8125,5.31
8126,5.33
8127,4.39
8128,2.81
8129,2.8
8130,2.9
8131,3.13
8132,3.42
8133,3.77
8134,4.19
8135,4.59
8136,4.93
8137,5.01
8138,5.45
8139,5.82
8140,5.94
8141,5.87
8142,5.62
8143,5.89
8144,6.26
8145,6.02
8146,5.9
8147,5.28
8148,4.83
8149,4.37
8150,3.87
8151,2.72
8152,1.64
8153,1.33
8154,1.5
8155,1.94
8156,2.31
8157,2.59
8158,2.8
8159,2.99
8160,3.09
8161,3.13
8162,3.19
8163,3.25
8164,3.25
8165,3.19
8166,3.12
8167,2.85
8168,3.14
8169,3.19
8170,2.96
8171,2.93
8172,2.74
8173,2.44
8174,2.08
8175,1.11
8176,0.95
8177,1.33
8178,2.17
8179,2.62
8180,2.83
8181,3.08
8182,3.35
8183,3.59
8184,3.77
8185,3.9
8186,4.03
8187,4.14
8188,4.25
8189,4.34
8190,4.41
8191,4.67
8192,5.95
8193,5.94
8194,6.46
8195,6.62
8196,6.53
8197,6.25
8198,5.69
8199,3.72
8200,2.22
8201,2.17
8202,2.64
8203,3.06
8204,3.29
8205,3.43
8206,3.52
8207,3.55
8208,3.61
8209,3.57
8210,3.32
8211,3.13
8212,3.08
8213,3.08
8214,3.3
8215,3.52
8216,3.95
8217,4.24
8218,4.32
8219,4.81
8220,5.25
8221,4.9
8222,3.8
8223,2.07
8224,1.43
8225,1.71
8226,2.18
8227,2.6
8228,2.97
8229,3.29
8230,3.43
8231,3.05
8232,2.6
8233,2.63
8234,2.88
8235,2.94
8236,3.25
8237,3.74
8238,4.1
8239,4.45
8240,6.23
8241,6.72
8242,7.26
8243,7.58
8244,7.51
8245,6.94
8246,5.65
8247,3.41
8248,2.05
8249,2.04
8250,2.29
8251,2.47
8252,2.61
8253,3.59
8254,3.9
8255,4.57
8256,5.02
8257,5.27
8258,5.62
8259,6.13
8260,6.19
8261,6.2
8262,6.37
8263,7.14
8264,8.57
8265,9.91
8266,9.81
8267,9.25
8268,8.69
8269,8.3
8270,7.98
8271,7.36
8272,5.77
8273,5.12
8274,4.92
8275,4.79
8276,4.8
8277,4.73
8278,4.6
8279,4.68
8280,4.62
8281,4.53
8282,4.24
8283,4.14
8284,3.97
8285,3.88
8286,3.93
8287,4.27
8288,6.05
8289,7.48
8290,7.79
8291,7.88
8292,7.83
8293,7.64
8294,7.17
8295,5.96
8296,3.66
8297,2.95
8298,2.91
8299,3.04
8300,3.15
8301,3.27
8302,3.25
8303,3.09
8304,3.02
8305,3.02
8306,2.82
8307,2.5
8308,2.28
8309,2.17
8310,2.1
8311,2.14
8312,2.12
8313,1.98
8314,2.02
8315,2.17
8316,2.29
8317,2.34
8318,2.26
8319,1.77
8320,1.73
8321,1.73
8322,1.62
8323,1.63
8324,1.69
8325,1.73
8326,1.74
8327,1.72
8328,1.88
8329,2.16
8330,2.1
8331,2.05
8332,1.97
8333,1.88
8334,1.79
8335,1.78
8336,1.55
8337,0.69
8338,1.6
8339,2.08
8340,2.34
8341,2.59
8342,2.77
8343,2.6
8344,2.04
8345,1.8
8346,1.52
8347,1.28
8348,1.18
8349,1.15
8350,1.1
8351,1.06
8352,1.03
8353,1.07
8354,1.14
8355,1.21
8356,1.2
8357,1.12
8358,1.04
8359,1.2
8360,1.53
8361,1.21
8362,0.95
8363,0.85
8364,0.81
8365,1.14
8366,1.86
8367,2.54
8368,2.58
8369,2.39
8370,2.41
8371,2.22
8372,2
8373,1.86
8374,1.59
8375,1.53
8376,1.43
8377,1.34
8378,1.28
8379,1.3
8380,1.38
8381,1.42
8382,1.53
8383,1.92
8384,2.81
8385,3.09
8386,3.07
8387,2.9
8388,2.6
8389,2.32
8390,2.18
8391,2.32
8392,2.04
8393,1.96
8394,1.88
8395,1.68
8396,1.4
8397,1.15
8398,1.01
8399,0.85
8400,0.7
8401,0.91
8402,1.1
8403,1.27
8404,1.35
8405,1.36
8406,1.4
8407,1.45
8408,1.67
8409,1.21
8410,0.58
8411,0.99
8412,1.6
8413,1.88
8414,1.86
8415,1.17
8416,0.82
8417,0.34
8418,0.69
8419,1.07
8420,1.39
8421,1.72
8422,2.03
8423,2.27
8424,2.47
8425,2.63
8426,2.75
8427,2.83
8428,2.89
8429,2.96
8430,3
8431,2.98
8432,3.36
8433,3.66
8434,3.76
8435,3.89
8436,4.08
8437,4.16
8438,3.9
8439,2.08
8440,1.6
8441,1.73
8442,2.26
8443,2.5
8444,2.61
8445,2.75
8446,2.87
8447,2.9
8448,2.85
8449,2.74
8450,2.61
8451,2.52
8452,2.47
8453,2.43
8454,2.4
8455,2.32
8456,2.15
8457,2.14
8458,2.13
8459,2.56
8460,2.72
8461,2.67
8462,2.38
8463,1.63
8464,1.5
8465,0.92
8466,0.64
8467,0.95
8468,1.25
8469,1.47
8470,1.58
8471,1.61
8472,1.64
8473,1.67
8474,1.63
8475,1.54
8476,1.43
8477,1.29
8478,1.07
8479,0.99
8480,0.99
8481,0.67
8482,1.11
8483,1.8
8484,2.18
8485,2.36
8486,2.3
8487,1.69
8488,1.48
8489,0.98
8490,0.59
8491,0.58
8492,0.81
8493,0.96
8494,1.1
8495,1.21
8496,1.32
8497,1.29
8498,1.15
8499,0.93
8500,0.81
8501,0.84
8502,1.06
8503,1.34
8504,1.54
8505,1.03
8506,0.99
8507,1.3
8508,1.4
8509,1.4
8510,1.31
8511,1.2
8512,1.24
8513,1.34
8514,1.53
8515,1.66
8516,1.61
8517,1.59
8518,1.68
8519,1.74
8520,1.71
8521,1.68
8522,1.78
8523,1.99
8524,2.18
8525,2.33
8526,2.39
8527,2.3
8528,2.26
8529,2.23
8530,2.24
8531,1.62
8532,0.86
8533,0.46
8534,0.73
8535,0.45
8536,1.66
8537,0.85
8538,0.86
8539,0.97
8540,0.21
8541,1.02
8542,1.98
8543,2.26
8544,2.26
8545,2.41
8546,2.37
8547,2.14
8548,1.94
8549,2.01
8550,2
8551,1.89
8552,2.14
8553,2.3
8554,3.04
8555,3.64
8556,3.68
8557,3.43
8558,2.96
8559,1.81
8560,1.32
8561,0.94
8562,0.85
8563,0.78
8564,0.86
8565,1.12
8566,1.37
8567,1.58
8568,1.63
8569,1.57
8570,1.4
8571,1.24
8572,1.09
8573,0.97
8574,0.86
8575,0.87
8576,1.23
8577,1.36
8578,2.04
8579,2.57
8580,2.63
8581,2.37
8582,1.99
8583,1.17
8584,0.57
8585,0.57
8586,1.66
8587,2.23
8588,2.51
8589,2.64
8590,2.79
8591,2.98
8592,3.12
8593,3.22
8594,3.3
8595,3.36
8596,3.39
8597,3.42
8598,3.46
8599,3.42
8600,3.85
8601,4.06
8602,3.55
8603,3.53
8604,3.65
8605,3.83
8606,3.62
8607,2.46
8608,2.98
8609,3.49
8610,3.95
8611,4.66
8612,5.74
8613,6.51
8614,6.75
8615,6.59
8616,6.12
8617,5.86
8618,6.21
8619,11.44
8620,12.86
8621,13.9
8622,14.41
8623,14.37
8624,13.95
8625,13.62
8626,13.28
8627,12.75
8628,13.1
8629,13.93
8630,14.75
8631,15.04
8632,14.69
8633,14.08
8634,13.08
8635,12.14
8636,11.57
8637,11.2
8638,11.04
8639,11.23
8640,11.3
8641,10.99
8642,10.54
8643,10.39
8644,10.58
8645,11.28
8646,11.73
8647,12.25
8648,12.47
8649,12.22
8650,11.42
8651,10.47
8652,10.4
8653,10.93
8654,11.92
8655,12.8
8656,13.57
8657,13.86
8658,13.1
8659,12.03
8660,10.97
8661,10.84
8662,11.08
8663,10.96
8664,9.99
8665,7.91
8666,6.26
8667,7.57
8668,10.3
8669,11.92
8670,12.3
8671,11.86
8672,10.86
8673,9.66
8674,7.9
8675,2.51
8676,2.64
8677,2.79
8678,2.98
8679,3.12
8680,3.22
8681,3.3
8682,3.36
8683,3.39
8684,3.42
8685,3.46
8686,3.42
8687,3.85
8688,4.06
8689,3.55
8690,3.53
8691,3.65
8692,2.51
8693,2.64
8694,2.79
8695,2.98
8696,3.12
8697,3.22
8698,3.3
8699,3.36
8700,3.39
8701,3.42
8702,3.46
8703,3.42
8704,3.85
8705,4.06
8706,3.55
8707,3.53
8708,3.65
8709,2.51
8710,2.64
8711,2.79
8712,2.98
8713,3.12
8714,3.22
8715,3.3
8716,3.36
8717,3.39
8718,3.42
8719,3.46
8720,3.42
8721,3.85
8722,4.06
8723,3.55
8724,3.53
8725,3.65
8726,2.51
8727,2.64
8728,2.79
8729,2.98
8730,3.12
8731,3.22
8732,3.3
8733,3.36
8734,3.39
8735,3.42
8736,3.46
8737,3.42
8738,3.85
8739,4.06
8740,3.55
8741,3.53
8742,3.65
8743,2.51
8744,2.64
8745,2.79
8746,2.98
8747,3.12
8748,3.22
8749,3.3
8750,3.36
8751,3.39
8752,3.42
8753,3.46
8754,3.42
8755,3.85
8756,4.06
8757,3.55
8758,3.53
8759,3.65
